(APIServer pid=1672552) (RayWorkerWrapper pid=1673568) INFO 05-17 01:43:26 [weight_utils.py:904] Filesystem type for checkpoints: EXT4. Checkpoint size: 29.26 GiB. Available RAM: 1938.48 GiB.
(APIServer pid=1672552) (RayWorkerWrapper pid=1673568) INFO 05-17 01:43:26 [weight_utils.py:927] Auto-prefetch is disabled because the filesystem (EXT4) is not a recognized network FS (NFS/Lustre). If you want to force prefetching, start vLLM with --safetensors-load-strategy=prefetch.
Loading safetensors checkpoint shards:   0% Completed | 0/4 [00:00<?, ?it/s]
Loading safetensors checkpoint shards:  25% Completed | 1/4 [00:00<00:01,  1.76it/s]
Loading safetensors checkpoint shards:  75% Completed | 3/4 [00:01<00:00,  1.95it/s]
(APIServer pid=1672552) (RayWorkerWrapper pid=1673569) INFO 05-17 01:43:27 [default_loader.py:384] Loading weights took 1.88 seconds
Loading safetensors checkpoint shards: 100% Completed | 4/4 [00:01<00:00,  2.29it/s]
Loading safetensors checkpoint shards: 100% Completed | 4/4 [00:01<00:00,  2.16it/s]
(APIServer pid=1672552) (RayWorkerWrapper pid=1673569) 
Loading safetensors checkpoint shards:  25% Completed | 1/4 [00:00<00:01,  1.81it/s]
Loading safetensors checkpoint shards:  50% Completed | 2/4 [00:01<00:01,  1.92it/s]
Loading safetensors checkpoint shards: 100% Completed | 4/4 [00:01<00:00,  2.32it/s]
Loading safetensors checkpoint shards: 100% Completed | 4/4 [00:01<00:00,  2.15it/s]
(APIServer pid=1672552) (RayWorkerWrapper pid=1673567) 
(APIServer pid=1672552) (RayWorkerWrapper pid=1673567) INFO 05-17 01:43:27 [default_loader.py:384] Loading weights took 1.89 seconds
Loading safetensors checkpoint shards:  50% Completed | 2/4 [00:01<00:00,  2.01it/s]
Loading safetensors checkpoint shards:  75% Completed | 3/4 [00:01<00:00,  2.00it/s]
Loading safetensors checkpoint shards:  75% Completed | 3/4 [00:01<00:00,  2.16it/s]
(APIServer pid=1672552) (RayWorkerWrapper pid=1673566) INFO 05-17 01:43:28 [default_loader.py:384] Loading weights took 1.88 seconds
Loading safetensors checkpoint shards: 100% Completed | 4/4 [00:01<00:00,  2.31it/s]
Loading safetensors checkpoint shards: 100% Completed | 4/4 [00:01<00:00,  2.15it/s]
(APIServer pid=1672552) (RayWorkerWrapper pid=1673566) 
(APIServer pid=1672552) (RayWorkerWrapper pid=1673568) INFO 05-17 01:43:28 [default_loader.py:384] Loading weights took 1.74 seconds
Loading safetensors checkpoint shards: 100% Completed | 4/4 [00:01<00:00,  2.55it/s]
Loading safetensors checkpoint shards: 100% Completed | 4/4 [00:01<00:00,  2.33it/s]
(APIServer pid=1672552) (RayWorkerWrapper pid=1673568) 
(APIServer pid=1672552) (RayWorkerWrapper pid=1673567) INFO 05-17 01:43:31 [all2all.py:396] [Elastic EP Timer] NIXL-EP _init_buffer (ep_rank=0): create=0.02ms, update_memory=2296.43ms, connect_ranks([0, 1, 2, 3])=1242.56ms
(APIServer pid=1672552) (RayWorkerWrapper pid=1673567) INFO 05-17 01:43:31 [unquantized.py:343] Using NixlEPPrepareAndFinalize
(APIServer pid=1672552) (RayWorkerWrapper pid=1673567) INFO 05-17 01:43:31 [gpu_model_runner.py:4846] EPLB is enabled for model deepseek-ai/DeepSeek-V2-Lite-Chat.
(APIServer pid=1672552) (RayWorkerWrapper pid=1673567) INFO 05-17 01:43:31 [eplb_communicator.py:72] Initialized EPLB communicator: PyNcclEplbCommunicator.
(APIServer pid=1672552) (RayWorkerWrapper pid=1673569) INFO 05-17 01:43:31 [all2all.py:396] [Elastic EP Timer] NIXL-EP _init_buffer (ep_rank=3): create=0.02ms, update_memory=2256.51ms, connect_ranks([0, 1, 2, 3])=1652.22ms
(APIServer pid=1672552) (RayWorkerWrapper pid=1673569) INFO 05-17 01:43:31 [unquantized.py:343] Using NixlEPPrepareAndFinalize
(APIServer pid=1672552) (RayWorkerWrapper pid=1673569) INFO 05-17 01:43:31 [gpu_model_runner.py:4846] EPLB is enabled for model deepseek-ai/DeepSeek-V2-Lite-Chat.
(APIServer pid=1672552) (RayWorkerWrapper pid=1673569) INFO 05-17 01:43:31 [eplb_communicator.py:72] Initialized EPLB communicator: PyNcclEplbCommunicator.
(APIServer pid=1672552) (RayWorkerWrapper pid=1673568) INFO 05-17 01:43:31 [all2all.py:396] [Elastic EP Timer] NIXL-EP _init_buffer (ep_rank=2): create=0.07ms, update_memory=2197.37ms, connect_ranks([0, 1, 2, 3])=405.02ms
(APIServer pid=1672552) (RayWorkerWrapper pid=1673568) INFO 05-17 01:43:31 [unquantized.py:343] Using NixlEPPrepareAndFinalize
(APIServer pid=1672552) (RayWorkerWrapper pid=1673568) INFO 05-17 01:43:31 [gpu_model_runner.py:4846] EPLB is enabled for model deepseek-ai/DeepSeek-V2-Lite-Chat.
(APIServer pid=1672552) (RayWorkerWrapper pid=1673568) INFO 05-17 01:43:31 [eplb_communicator.py:72] Initialized EPLB communicator: PyNcclEplbCommunicator.
(APIServer pid=1672552) (RayWorkerWrapper pid=1673566) INFO 05-17 01:43:31 [all2all.py:396] [Elastic EP Timer] NIXL-EP _init_buffer (ep_rank=1): create=0.02ms, update_memory=2158.32ms, connect_ranks([0, 1, 2, 3])=656.42ms
(APIServer pid=1672552) (RayWorkerWrapper pid=1673566) INFO 05-17 01:43:31 [unquantized.py:343] Using NixlEPPrepareAndFinalize
(APIServer pid=1672552) (RayWorkerWrapper pid=1673566) INFO 05-17 01:43:31 [gpu_model_runner.py:4846] EPLB is enabled for model deepseek-ai/DeepSeek-V2-Lite-Chat.
(APIServer pid=1672552) (RayWorkerWrapper pid=1673566) INFO 05-17 01:43:31 [eplb_communicator.py:72] Initialized EPLB communicator: PyNcclEplbCommunicator.
(APIServer pid=1672552) (RayWorkerWrapper pid=1673567) INFO 05-17 01:43:31 [gpu_model_runner.py:4870] Model loading took 9.59 GiB memory and 7.272432 seconds
(APIServer pid=1672552) (RayWorkerWrapper pid=1673569) INFO 05-17 01:43:31 [gpu_model_runner.py:4870] Model loading took 9.59 GiB memory and 7.282147 seconds
(APIServer pid=1672552) (RayWorkerWrapper pid=1673566) INFO 05-17 01:43:31 [gpu_model_runner.py:4870] Model loading took 9.59 GiB memory and 7.270326 seconds
(APIServer pid=1672552) (RayWorkerWrapper pid=1673568) INFO 05-17 01:43:31 [gpu_model_runner.py:4870] Model loading took 9.59 GiB memory and 7.117505 seconds
(APIServer pid=1672552) (RayWorkerWrapper pid=1673567) INFO 05-17 01:43:37 [backends.py:1069] Using cache directory: /data/cache/vllm/torch_compile_cache/85d3c7025f/rank_0_0/backbone for vLLM's torch.compile
(APIServer pid=1672552) (RayWorkerWrapper pid=1673567) INFO 05-17 01:43:37 [backends.py:1128] Dynamo bytecode transform time: 4.43 s
(APIServer pid=1672552) (RayWorkerWrapper pid=1673569) INFO 05-17 01:43:37 [backends.py:1069] Using cache directory: /data/cache/vllm/torch_compile_cache/85d3c7025f/rank_0_3/backbone for vLLM's torch.compile
(APIServer pid=1672552) (RayWorkerWrapper pid=1673569) INFO 05-17 01:43:37 [backends.py:1128] Dynamo bytecode transform time: 4.42 s
(APIServer pid=1672552) (RayWorkerWrapper pid=1673566) INFO 05-17 01:43:37 [backends.py:1069] Using cache directory: /data/cache/vllm/torch_compile_cache/85d3c7025f/rank_0_1/backbone for vLLM's torch.compile
(APIServer pid=1672552) (RayWorkerWrapper pid=1673566) INFO 05-17 01:43:37 [backends.py:1128] Dynamo bytecode transform time: 4.46 s
(APIServer pid=1672552) (RayWorkerWrapper pid=1673568) INFO 05-17 01:43:37 [backends.py:1069] Using cache directory: /data/cache/vllm/torch_compile_cache/85d3c7025f/rank_0_2/backbone for vLLM's torch.compile
(APIServer pid=1672552) (RayWorkerWrapper pid=1673568) INFO 05-17 01:43:37 [backends.py:1128] Dynamo bytecode transform time: 4.58 s
(APIServer pid=1672552) (RayWorkerWrapper pid=1673567) INFO 05-17 01:43:40 [backends.py:376] Cache the graph of compile range (1, 256) for later use
(APIServer pid=1672552) (RayWorkerWrapper pid=1673569) INFO 05-17 01:43:40 [backends.py:376] Cache the graph of compile range (1, 256) for later use
(APIServer pid=1672552) (RayWorkerWrapper pid=1673568) INFO 05-17 01:43:40 [backends.py:376] Cache the graph of compile range (1, 256) for later use
(APIServer pid=1672552) (RayWorkerWrapper pid=1673566) INFO 05-17 01:43:40 [backends.py:376] Cache the graph of compile range (1, 256) for later use
(APIServer pid=1672552) (RayWorkerWrapper pid=1673567) INFO 05-17 01:43:44 [backends.py:391] Compiling a graph for compile range (1, 256) takes 6.95 s
(APIServer pid=1672552) (RayWorkerWrapper pid=1673569) INFO 05-17 01:43:44 [backends.py:391] Compiling a graph for compile range (1, 256) takes 6.97 s
(APIServer pid=1672552) (RayWorkerWrapper pid=1673566) INFO 05-17 01:43:44 [backends.py:391] Compiling a graph for compile range (1, 256) takes 6.94 s
(APIServer pid=1672552) (RayWorkerWrapper pid=1673568) INFO 05-17 01:43:44 [backends.py:391] Compiling a graph for compile range (1, 256) takes 6.84 s
(APIServer pid=1672552) (RayWorkerWrapper pid=1673567) INFO 05-17 01:43:46 [decorators.py:668] saved AOT compiled function to /data/cache/vllm/torch_compile_cache/torch_aot_compile/c927374a2a2df3b6de4d88da7ab59437acd45677d085e0d4b0868c22fc030b28/rank_0_0/model
(APIServer pid=1672552) (RayWorkerWrapper pid=1673567) INFO 05-17 01:43:46 [monitor.py:53] torch.compile took 13.87 s in total
(APIServer pid=1672552) (RayWorkerWrapper pid=1673569) INFO 05-17 01:43:46 [decorators.py:668] saved AOT compiled function to /data/cache/vllm/torch_compile_cache/torch_aot_compile/c927374a2a2df3b6de4d88da7ab59437acd45677d085e0d4b0868c22fc030b28/rank_0_3/model
(APIServer pid=1672552) (RayWorkerWrapper pid=1673569) INFO 05-17 01:43:46 [monitor.py:53] torch.compile took 13.90 s in total
(APIServer pid=1672552) (RayWorkerWrapper pid=1673568) INFO 05-17 01:43:46 [decorators.py:668] saved AOT compiled function to /data/cache/vllm/torch_compile_cache/torch_aot_compile/c927374a2a2df3b6de4d88da7ab59437acd45677d085e0d4b0868c22fc030b28/rank_0_2/model
(APIServer pid=1672552) (RayWorkerWrapper pid=1673568) INFO 05-17 01:43:46 [monitor.py:53] torch.compile took 13.94 s in total
(APIServer pid=1672552) (RayWorkerWrapper pid=1673566) INFO 05-17 01:43:46 [decorators.py:668] saved AOT compiled function to /data/cache/vllm/torch_compile_cache/torch_aot_compile/c927374a2a2df3b6de4d88da7ab59437acd45677d085e0d4b0868c22fc030b28/rank_0_1/model
(APIServer pid=1672552) (RayWorkerWrapper pid=1673566) INFO 05-17 01:43:46 [monitor.py:53] torch.compile took 13.92 s in total
(APIServer pid=1672552) (RayWorkerWrapper pid=1673567) /usr/local/lib/python3.10/dist-packages/torch/_inductor/lowering.py:7836: UserWarning: 
(APIServer pid=1672552) (RayWorkerWrapper pid=1673567) Online softmax is disabled on the fly since Inductor decides to
(APIServer pid=1672552) (RayWorkerWrapper pid=1673567) split the reduction. Cut an issue to PyTorch if this is an
(APIServer pid=1672552) (RayWorkerWrapper pid=1673567) important use case and you want to speed it up with online
(APIServer pid=1672552) (RayWorkerWrapper pid=1673567) softmax.
(APIServer pid=1672552) (RayWorkerWrapper pid=1673567) 
(APIServer pid=1672552) (RayWorkerWrapper pid=1673567)   warnings.warn(
(APIServer pid=1672552) (RayWorkerWrapper pid=1673569) /usr/local/lib/python3.10/dist-packages/torch/_inductor/lowering.py:7836: UserWarning: 
(APIServer pid=1672552) (RayWorkerWrapper pid=1673569) Online softmax is disabled on the fly since Inductor decides to
(APIServer pid=1672552) (RayWorkerWrapper pid=1673569) split the reduction. Cut an issue to PyTorch if this is an
(APIServer pid=1672552) (RayWorkerWrapper pid=1673569) important use case and you want to speed it up with online
(APIServer pid=1672552) (RayWorkerWrapper pid=1673569) softmax.
(APIServer pid=1672552) (RayWorkerWrapper pid=1673569) 
(APIServer pid=1672552) (RayWorkerWrapper pid=1673569)   warnings.warn(
(APIServer pid=1672552) (RayWorkerWrapper pid=1673566) /usr/local/lib/python3.10/dist-packages/torch/_inductor/lowering.py:7836: UserWarning: 
(APIServer pid=1672552) (RayWorkerWrapper pid=1673566) Online softmax is disabled on the fly since Inductor decides to
(APIServer pid=1672552) (RayWorkerWrapper pid=1673566) split the reduction. Cut an issue to PyTorch if this is an
(APIServer pid=1672552) (RayWorkerWrapper pid=1673566) important use case and you want to speed it up with online
(APIServer pid=1672552) (RayWorkerWrapper pid=1673566) softmax.
(APIServer pid=1672552) (RayWorkerWrapper pid=1673566) 
(APIServer pid=1672552) (RayWorkerWrapper pid=1673566)   warnings.warn(
(APIServer pid=1672552) (RayWorkerWrapper pid=1673568) /usr/local/lib/python3.10/dist-packages/torch/_inductor/lowering.py:7836: UserWarning: 
(APIServer pid=1672552) (RayWorkerWrapper pid=1673568) Online softmax is disabled on the fly since Inductor decides to
(APIServer pid=1672552) (RayWorkerWrapper pid=1673568) split the reduction. Cut an issue to PyTorch if this is an
(APIServer pid=1672552) (RayWorkerWrapper pid=1673568) important use case and you want to speed it up with online
(APIServer pid=1672552) (RayWorkerWrapper pid=1673568) softmax.
(APIServer pid=1672552) (RayWorkerWrapper pid=1673568) 
(APIServer pid=1672552) (RayWorkerWrapper pid=1673568)   warnings.warn(
(APIServer pid=1672552) (RayWorkerWrapper pid=1673567) WARNING 05-17 01:43:49 [fused_moe.py:1091] Using default MoE config. Performance might be sub-optimal! Config file not found at /vllm/vllm/model_executor/layers/fused_moe/configs/E=16,N=1408,device_name=NVIDIA_H100_80GB_HBM3.json
(APIServer pid=1672552) (RayWorkerWrapper pid=1673569) WARNING 05-17 01:43:49 [fused_moe.py:1091] Using default MoE config. Performance might be sub-optimal! Config file not found at /vllm/vllm/model_executor/layers/fused_moe/configs/E=16,N=1408,device_name=NVIDIA_H100_80GB_HBM3.json
(APIServer pid=1672552) (RayWorkerWrapper pid=1673568) WARNING 05-17 01:43:49 [fused_moe.py:1091] Using default MoE config. Performance might be sub-optimal! Config file not found at /vllm/vllm/model_executor/layers/fused_moe/configs/E=16,N=1408,device_name=NVIDIA_H100_80GB_HBM3.json
(APIServer pid=1672552) (RayWorkerWrapper pid=1673566) WARNING 05-17 01:43:49 [fused_moe.py:1091] Using default MoE config. Performance might be sub-optimal! Config file not found at /vllm/vllm/model_executor/layers/fused_moe/configs/E=16,N=1408,device_name=NVIDIA_H100_80GB_HBM3.json
(APIServer pid=1672552) (RayWorkerWrapper pid=1673567) INFO 05-17 01:43:50 [monitor.py:81] Initial profiling/warmup run took 4.06 s
(APIServer pid=1672552) (RayWorkerWrapper pid=1673567) INFO 05-17 01:43:50 [eplb_state.py:696] Rearranging experts sync mode (profile)...
(APIServer pid=1672552) (RayWorkerWrapper pid=1673569) INFO 05-17 01:43:50 [monitor.py:81] Initial profiling/warmup run took 4.02 s
(APIServer pid=1672552) (RayWorkerWrapper pid=1673568) INFO 05-17 01:43:50 [monitor.py:81] Initial profiling/warmup run took 4.00 s
(APIServer pid=1672552) (RayWorkerWrapper pid=1673566) INFO 05-17 01:43:50 [monitor.py:81] Initial profiling/warmup run took 4.01 s
(APIServer pid=1672552) (RayWorkerWrapper pid=1673567) /usr/local/lib/python3.10/dist-packages/torch/distributed/c10d_logger.py:83: UserWarning: barrier(): using the device under current context. You can specify `device_id` in `init_process_group` to mute this warning.
(APIServer pid=1672552) (RayWorkerWrapper pid=1673567)   return func(*args, **kwargs)
(APIServer pid=1672552) (RayWorkerWrapper pid=1673567) [rank0]:[W517 01:43:52.378034605 ProcessGroupNCCL.cpp:5188] Guessing device ID based on global rank. This can cause a hang if rank to GPU mapping is heterogeneous. You can specify device_id in init_process_group()
(APIServer pid=1672552) (RayWorkerWrapper pid=1673567) NCCL version 2.28.9+cuda12.9
(APIServer pid=1672552) (RayWorkerWrapper pid=1673569) /usr/local/lib/python3.10/dist-packages/torch/distributed/c10d_logger.py:83: UserWarning: barrier(): using the device under current context. You can specify `device_id` in `init_process_group` to mute this warning.
(APIServer pid=1672552) (RayWorkerWrapper pid=1673569)   return func(*args, **kwargs)
(APIServer pid=1672552) (RayWorkerWrapper pid=1673569) [rank0]:[W517 01:43:52.378170295 ProcessGroupNCCL.cpp:5188] Guessing device ID based on global rank. This can cause a hang if rank to GPU mapping is heterogeneous. You can specify device_id in init_process_group()
(APIServer pid=1672552) (RayWorkerWrapper pid=1673568) /usr/local/lib/python3.10/dist-packages/torch/distributed/c10d_logger.py:83: UserWarning: barrier(): using the device under current context. You can specify `device_id` in `init_process_group` to mute this warning.
(APIServer pid=1672552) (RayWorkerWrapper pid=1673568)   return func(*args, **kwargs)
(APIServer pid=1672552) (RayWorkerWrapper pid=1673568) [rank0]:[W517 01:43:52.378075865 ProcessGroupNCCL.cpp:5188] Guessing device ID based on global rank. This can cause a hang if rank to GPU mapping is heterogeneous. You can specify device_id in init_process_group()
(APIServer pid=1672552) (RayWorkerWrapper pid=1673566) /usr/local/lib/python3.10/dist-packages/torch/distributed/c10d_logger.py:83: UserWarning: barrier(): using the device under current context. You can specify `device_id` in `init_process_group` to mute this warning.
(APIServer pid=1672552) (RayWorkerWrapper pid=1673566)   return func(*args, **kwargs)
(APIServer pid=1672552) (RayWorkerWrapper pid=1673566) [rank0]:[W517 01:43:52.378050147 ProcessGroupNCCL.cpp:5188] Guessing device ID based on global rank. This can cause a hang if rank to GPU mapping is heterogeneous. You can specify device_id in init_process_group()
(APIServer pid=1672552) (RayWorkerWrapper pid=1673567) INFO 05-17 01:43:52 [eplb_state.py:830] Rearranged experts  (profile)  in 1.65 s.
(APIServer pid=1672552) (RayWorkerWrapper pid=1673567) INFO 05-17 01:43:52 [eplb_state.py:862] [EPLB Rearrange] New physical_to_logical_map (layer 0):
(APIServer pid=1672552) (RayWorkerWrapper pid=1673567) INFO 05-17 01:43:52 [eplb_state.py:862] RANK0: [0, 1, 2, 3, 4, 5, 6, 7, 8, 9, 10, 11, 12, 13, 14, 15]
(APIServer pid=1672552) (RayWorkerWrapper pid=1673567) INFO 05-17 01:43:52 [eplb_state.py:862] RANK1: [16, 17, 18, 19, 20, 21, 22, 23, 24, 25, 26, 27, 28, 29, 30, 31]
(APIServer pid=1672552) (RayWorkerWrapper pid=1673567) INFO 05-17 01:43:52 [eplb_state.py:862] RANK2: [32, 33, 34, 35, 36, 37, 38, 39, 40, 41, 42, 43, 44, 45, 46, 47]
(APIServer pid=1672552) (RayWorkerWrapper pid=1673567) INFO 05-17 01:43:52 [eplb_state.py:862] RANK3: [48, 49, 50, 51, 52, 53, 54, 55, 56, 57, 58, 59, 60, 61, 62, 63]
(APIServer pid=1672552) (RayWorkerWrapper pid=1673567) INFO 05-17 01:43:58 [gpu_model_runner.py:5954] Profiling CUDA graph memory: PIECEWISE=35 (largest=256), FULL=35 (largest=256)
(APIServer pid=1672552) (RayWorkerWrapper pid=1673569) INFO 05-17 01:43:57 [gpu_model_runner.py:5954] Profiling CUDA graph memory: PIECEWISE=35 (largest=256), FULL=35 (largest=256)
(APIServer pid=1672552) (RayWorkerWrapper pid=1673566) INFO 05-17 01:43:57 [gpu_model_runner.py:5954] Profiling CUDA graph memory: PIECEWISE=35 (largest=256), FULL=35 (largest=256)
(APIServer pid=1672552) (RayWorkerWrapper pid=1673568) INFO 05-17 01:43:58 [gpu_model_runner.py:5954] Profiling CUDA graph memory: PIECEWISE=35 (largest=256), FULL=35 (largest=256)
(APIServer pid=1672552) (RayWorkerWrapper pid=1673567) INFO 05-17 01:43:59 [gpu_model_runner.py:6033] Estimated CUDA graph memory: 1.19 GiB total
(APIServer pid=1672552) (RayWorkerWrapper pid=1673569) INFO 05-17 01:43:59 [gpu_model_runner.py:6033] Estimated CUDA graph memory: 1.19 GiB total
(APIServer pid=1672552) (RayWorkerWrapper pid=1673566) INFO 05-17 01:43:59 [gpu_model_runner.py:6033] Estimated CUDA graph memory: 1.19 GiB total
(APIServer pid=1672552) (RayWorkerWrapper pid=1673568) INFO 05-17 01:43:59 [gpu_model_runner.py:6033] Estimated CUDA graph memory: 1.19 GiB total
(APIServer pid=1672552) (DPMoEEngineCoreActor pid=1673163) INFO 05-17 01:44:00 [kv_cache_utils.py:1337] GPU KV cache size: 1,685,792 tokens
(APIServer pid=1672552) (DPMoEEngineCoreActor pid=1673163) INFO 05-17 01:44:00 [kv_cache_utils.py:1342] Maximum concurrency for 4,096 tokens per request: 411.57x
(APIServer pid=1672552) (DPMoEEngineCoreActor pid=1673164) INFO 05-17 01:44:00 [kv_cache_utils.py:1337] GPU KV cache size: 1,685,792 tokens
(APIServer pid=1672552) (DPMoEEngineCoreActor pid=1673164) INFO 05-17 01:44:00 [kv_cache_utils.py:1342] Maximum concurrency for 4,096 tokens per request: 411.57x
(APIServer pid=1672552) (DPMoEEngineCoreActor pid=1673166) INFO 05-17 01:44:00 [kv_cache_utils.py:1337] GPU KV cache size: 1,685,792 tokens
(APIServer pid=1672552) (DPMoEEngineCoreActor pid=1673166) INFO 05-17 01:44:00 [kv_cache_utils.py:1342] Maximum concurrency for 4,096 tokens per request: 411.57x
(APIServer pid=1672552) (RayWorkerWrapper pid=1673567) INFO 05-17 01:44:00 [gpu_worker.py:440] Available KV cache memory: 48.83 GiB
(APIServer pid=1672552) (RayWorkerWrapper pid=1673567) INFO 05-17 01:44:00 [gpu_worker.py:455] CUDA graph memory profiling is enabled (default since v0.21.0). The current --gpu-memory-utilization=0.8000 is equivalent to --gpu-memory-utilization=0.7850 without CUDA graph memory profiling. To maintain the same effective KV cache size as before, increase --gpu-memory-utilization to 0.8150. To disable, set VLLM_MEMORY_PROFILER_ESTIMATE_CUDAGRAPHS=0.
(APIServer pid=1672552) (RayWorkerWrapper pid=1673569) INFO 05-17 01:44:00 [gpu_worker.py:440] Available KV cache memory: 48.83 GiB
(APIServer pid=1672552) (RayWorkerWrapper pid=1673569) INFO 05-17 01:44:00 [gpu_worker.py:455] CUDA graph memory profiling is enabled (default since v0.21.0). The current --gpu-memory-utilization=0.8000 is equivalent to --gpu-memory-utilization=0.7850 without CUDA graph memory profiling. To maintain the same effective KV cache size as before, increase --gpu-memory-utilization to 0.8150. To disable, set VLLM_MEMORY_PROFILER_ESTIMATE_CUDAGRAPHS=0.
(APIServer pid=1672552) (RayWorkerWrapper pid=1673566) INFO 05-17 01:44:00 [gpu_worker.py:440] Available KV cache memory: 48.83 GiB
(APIServer pid=1672552) (RayWorkerWrapper pid=1673566) INFO 05-17 01:44:00 [gpu_worker.py:455] CUDA graph memory profiling is enabled (default since v0.21.0). The current --gpu-memory-utilization=0.8000 is equivalent to --gpu-memory-utilization=0.7850 without CUDA graph memory profiling. To maintain the same effective KV cache size as before, increase --gpu-memory-utilization to 0.8150. To disable, set VLLM_MEMORY_PROFILER_ESTIMATE_CUDAGRAPHS=0.
(APIServer pid=1672552) (RayWorkerWrapper pid=1673567) 2026-05-17 01:44:00,146 - INFO - autotuner.py:446 - flashinfer.jit: [Autotuner]: Autotuning process starts ...
(APIServer pid=1672552) (RayWorkerWrapper pid=1673569) 2026-05-17 01:44:00,144 - INFO - autotuner.py:446 - flashinfer.jit: [Autotuner]: Autotuning process starts ...
(APIServer pid=1672552) (RayWorkerWrapper pid=1673566) 2026-05-17 01:44:00,146 - INFO - autotuner.py:446 - flashinfer.jit: [Autotuner]: Autotuning process starts ...
(APIServer pid=1672552) (DPMoEEngineCoreActor pid=1673165) INFO 05-17 01:44:00 [kv_cache_utils.py:1337] GPU KV cache size: 1,685,792 tokens
(APIServer pid=1672552) (DPMoEEngineCoreActor pid=1673165) INFO 05-17 01:44:00 [kv_cache_utils.py:1342] Maximum concurrency for 4,096 tokens per request: 411.57x
(APIServer pid=1672552) (RayWorkerWrapper pid=1673567) 2026-05-17 01:44:00,331 - INFO - autotuner.py:455 - flashinfer.jit: [Autotuner]: Autotuning process ends
(APIServer pid=1672552) (RayWorkerWrapper pid=1673569) 2026-05-17 01:44:00,330 - INFO - autotuner.py:455 - flashinfer.jit: [Autotuner]: Autotuning process ends
(APIServer pid=1672552) (RayWorkerWrapper pid=1673568) INFO 05-17 01:44:00 [gpu_worker.py:440] Available KV cache memory: 48.83 GiB
(APIServer pid=1672552) (RayWorkerWrapper pid=1673568) INFO 05-17 01:44:00 [gpu_worker.py:455] CUDA graph memory profiling is enabled (default since v0.21.0). The current --gpu-memory-utilization=0.8000 is equivalent to --gpu-memory-utilization=0.7850 without CUDA graph memory profiling. To maintain the same effective KV cache size as before, increase --gpu-memory-utilization to 0.8150. To disable, set VLLM_MEMORY_PROFILER_ESTIMATE_CUDAGRAPHS=0.
(APIServer pid=1672552) (RayWorkerWrapper pid=1673568) 2026-05-17 01:44:00,293 - INFO - autotuner.py:446 - flashinfer.jit: [Autotuner]: Autotuning process starts ...
(APIServer pid=1672552) (RayWorkerWrapper pid=1673568) 2026-05-17 01:44:00,332 - INFO - autotuner.py:455 - flashinfer.jit: [Autotuner]: Autotuning process ends
(APIServer pid=1672552) (RayWorkerWrapper pid=1673566) 2026-05-17 01:44:00,331 - INFO - autotuner.py:455 - flashinfer.jit: [Autotuner]: Autotuning process ends
Capturing CUDA graphs (mixed prefill-decode, PIECEWISE):   0%|          | 0/35 [00:00<?, ?it/s]
Capturing CUDA graphs (mixed prefill-decode, PIECEWISE):   3%|▎         | 1/35 [00:00<00:05,  5.76it/s]
Capturing CUDA graphs (mixed prefill-decode, PIECEWISE):   6%|▌         | 2/35 [00:00<00:05,  5.91it/s]
Capturing CUDA graphs (mixed prefill-decode, PIECEWISE):   9%|▊         | 3/35 [00:00<00:05,  6.02it/s]
Capturing CUDA graphs (mixed prefill-decode, PIECEWISE):  11%|█▏        | 4/35 [00:00<00:05,  5.96it/s]
Capturing CUDA graphs (mixed prefill-decode, PIECEWISE):  14%|█▍        | 5/35 [00:00<00:05,  5.92it/s]
Capturing CUDA graphs (mixed prefill-decode, PIECEWISE):  17%|█▋        | 6/35 [00:01<00:04,  5.92it/s]
Capturing CUDA graphs (mixed prefill-decode, PIECEWISE):  20%|██        | 7/35 [00:01<00:04,  5.97it/s]
Capturing CUDA gecode, PIECEWISE):  23%|██▎       | 8/35 [00:01<00:04,  6.04it/s]
Capturing CUDA graphs (mixed prefill-decode, PIECEWISE):  26%|██▌       | 9/35 [00:01<00:04,  6.01it/s]
Capturing CUDA graphs (mixed prefill-decode, PIECEWISE):  29%|██▊       | 10/35 [00:01<00:04,  6.07it/s]
Capturing CUDA graphs (mixed prefill-decode, PIECEWISE):  31%|███▏      | 11/35 [00:01<00:03,  6.23it/s]
Capturing CUDA graphs (mixed prefill-decode, PIECEWISE):  34%|███▍      | 12/35 [00:01<00:03,  6.25it/s]
Capturing CUDA graphs (mixed prefill-decode, PIECEWISE):  37%|███▋      | 13/35 [00:02<00:03,  6.34it/s]
Capturing CUDA graphs (mixed prefill-decode, PIECEWISE):  40%|████      | 14/35 [00:02<00:03,  6.57it/s]
Capturing CUDA graphs (mixed prefill-decode, PIECEWISE):  43%|████▎     | 15/35 [00:02<00:03,  6.57it/s]
Capturing CUDA graphs (mixed prefill-decode, PIECEWISE):  46%|████▌     | 16/35 [00:02<00:02,  6.75it/s]
Capturing CUDA graphs (mixed prefill-decode, PIECEWISE):  49%|████▊     | 17/35 [00:02<00:02,  6.86it/s]
Capturing CUDA graphs (mixed prefill-decode, PIECEWISE):  51%|█████▏    | 18/35 [00:02<00:02,  7.09it/s]
Capturing CUDA graphs (mixed prefill-decode, PIECEWISE):  54%|█████▍    | 19/35 [00:02<00:02,  7.15it/s]
Capturing CUDA graphs (mixed prefill-decode, PIECEWISE):  57%|█████▋    | 20/35 [00:03<00:02,  7.30it/s]
Capturing CUDA graphs (mixed prefill-decode, PIECEWISE):  60%|██████    | 21/35 [00:03<00:01,  7.26it/s]
Capturing CUDA graphs (mixed prefill-decode, PIECEWISE):  63%|██████▎   | 22/35 [00:03<00:01,  7.37it/s]
Capturing CUDA graphs (mixed prefill-decode, PIECEWISE):  66%|██████▌   | 23/35 [00:03<00:01,  7.38it/s]
Capturing CUDA graphs (mixed prefill-decode, PIECEWISE):  69%|██████▊   | 24/35 [00:03<00:01,  7.49it/s]
Capturing CUDA graphs (mixed prefill-decode, PIECEWISE):  71%|███████▏  | 25/35 [00:03<00:01,  7.53it/s]
Capturing CUDA graphs (mixed prefill-decode, PIECEWISE):  74%|███████▍  | 26/35 [00:03<00:01,  7.55it/s]
Capturing CUDA graphs (mixed prefill-decode, PIECEWISE):  77%|███████▋  | 27/35 [00:04<00:01,  7.55it/s]
Capturing CUDA graphs (mixed prefill-decode, PIECEWISE):  80%|████████  | 28/35 [00:04<00:00,  7.65it/s]
Capturing CUDA graphs (mixed prefill-decode, PIECEWISE):  83%|████████▎ | 29/35 [00:04<00:00,  7.53it/s]
Capturing CUDA graphs (mixed prefill-decode, PIECEWISE):  86%|████████▌ | 30/35 [00:04<00:00,  7.51it/s]
Capturing CUDA graphs (mixed prefill-decode, PIECEWISE):  89%|████████▊ | 31/35 [00:04<00:00,  7.58it/s]
Capturing CUDA graphs (mixed prefill-decode, PIECEWISE):  91%|█████████▏| 32/35 [00:04<00:00,  7.68it/s]
Capturing CUDA graphs (mixed prefill-decode, PIECEWISE):  94%|█████████▍| 33/35 [00:04<00:00,  6.77it/s]
Capturing CUDA graphs (mixed prefill-decode, PIECEWISE):  97%|█████████▋| 34/35 [00:04<00:00,  7.19it/s]
(APIServer pid=1672552) (RayWorkerWrapper pid=1673567) /usr/local/lib/python3.10/dist-packages/torch/_inductor/lowering.py:7836: UserWarning: 
(APIServer pid=1672552) (RayWorkerWrapper pid=1673567) Online softmax is disabled on the fly since Inductor decides to
(APIServer pid=1672552) (RayWorkerWrapper pid=1673567) split the reduction. Cut an issue to PyTorch if this is an
(APIServer pid=1672552) (RayWorkerWrapper pid=1673567) important tor/lowering.py:7836: UserWarning: 
(APIServer pid=1672552) (RayWorkerWrapper pid=1673569) Online softmax is disabled on the fly since Inductor decides to
(APIServer pid=1672552) (RayWorkerWrapper pid=1673569) split the reduction. Cut an issue to PyTorch if this is an
(APIServer pid=1672552) (RayWorkerWrapper pid=1673569) important use case and you want to speed it up with online
(APIServer pid=1672552) (RayWorkerWrapper pid=1673569) softmax.
(APIServer pid=1672552) (RayWorkerWrapper pid=1673569) 
(APIServer pid=1672552) (RayWorkerWrapper pid=1673569)   warnings.warn(
(APIServer pid=1672552) (RayWorkerWrapper pid=1673568) /usr/local/lib/python3.10/dist-packages/torch/_inductor/lowering.py:7836: UserWarning: 
(APIServer pid=1672552) (RayWorkerWrapper pid=1673568) Online softmax is disabled on the fly since Inductor decides to
(APIServer pid=1672552) (RayWorkerWrapper pid=1673568) split the reduction. Cut an issue to PyTorch if this is an
(APIServer pid=1672552) (RayWorkerWrapper pid=1673568) important use case and you want to speed it up with online
(APIServer pid=1672552) (RayWorkerWrapper pid=1673568) softmax.
(APIServer pid=1672552) (RayWorkerWrapper pid=1673568) 
(APIServer pid=1672552) (RayWorkerWrapper pid=1673568)   warnings.warn(
(APIServer pid=1672552) (RayWorkerWrapper pid=1673566) /usr/local/lib/python3.10/dist-packages/torch/_inductor/lowering.py:7836: UserWarning: 
(APIServer pid=1672552) (RayWorkerWrapper pid=1673566) Online softmax is disabled on the fly since Inductor decides to
(APIServer pid=1672552) (RayWorkerWrapper pid=1673566) split the reduction. Cut an issue to PyTorch if this is an
(APIServer pid=1672552) (RayWorkerWrapper pid=1673566) important use case and you want to speed it up with online
(APIServer pid=1672552) (RayWorkerWrapper pid=1673566) softmax.
(APIServer pid=1672552) (RayWorkerWrapper pid=1673566) 
(APIServer pid=1672552) (RayWorkerWrapper pid=1673566)   warnings.warn(
Capturing CUDA graphs (mixed prefill-decode, PIECEWISE): 100%|██████████| 35/35 [00:06<00:00,  5.79it/s]
Capturing CUDA graphs (decode, FULL):   0%|          | 0/35 [00:00<?, ?it/s]
Capturing CUDA graphs (decode, FULL):   3%|▎         | 1/35 [00:00<00:04,  7.37it/s]
Capturing CUDA graphs (decode, FULL):   6%|▌         | 2/35 [00:00<00:04,  7.66it/s]
Capturing CUDA graphs (decode, FULL):   9%|▊         | 3/35 [00:00<00:04,  7.90it/s]
Capturing CUDA graphs (decode, FULL):  11%|█▏        | 4/35 [00:00<00:03,  8.07it/s]
Capturing CUDA graphs (decode, FULL):  14%|█▍        | 5/35 [00:00<00:03,  8.01it/s]
Capturing CUDA graphs (decode, FULL):  17%|█▋        | 6/35 [00:00<00:03,  8.12it/s]
Capturing CUDA graphs (decode, FULL):  20%|██        | 7/35 [00:00<00:03,  8.24it/s]
Capturing CUDA graphs (decode, FULL):  23%|██▎       | 8/35 [00:00<00:03,  8.34it/s]
Capturing CUDA graphs (decode, FULL):  26%|██▌       | 9/35 [00:01<00:03,  8.59it/s]
Capturing CUDA graphs (decode, FULL):  29%|██▊       | 10/35 [00:01<00:02,  8.74it/s]
Capturing CUDA graphs (decode, FULL):  31%|███▏      | 11/35 [00:01<00:02,  8.95it/s]
Capturing CUDA graphs (decode, FULL):  34%|███▍      | 12/35 [00:01<00:02,  9.09it/s]
Capturing CUDA graphs (decode, FULL):  37%|███▋      | 13/35 [00:01<00:02,  9.29it/s]
Capturing CUDA graphs (decode, FULL):  43%|████▎     | 15/35 [00:01<00:02,  9.61it/s]
Capturing CUDA graphs (decode, FULL):  49%|████▊     | 17/35 [00:01<00:01,  9.96it/s]
Capturing CUDA graphs (decode, FULL):  54%|█████▍    | 19/35 [00:0CUDA graphs (decode, FULL):  66%|██████▌   | 23/35 [00:02<00:01, 10.96it/s]
Capturing CUDA graphs (decode, FULL):  71%|███████▏  | 25/35 [00:02<00:00, 11.16it/s]
Capturing CUDA graphs (decode, FULL):  77%|███████▋  | 27/35 [00:02<00:00, 11.26it/s]
Capturing CUDA graphs (decode, FULL):  83%|████████▎ | 29/35 [00:02<00:00, 11.30it/s]
Capturing CUDA graphs (decode, FULL):  89%|████████▊ | 31/35 [00:03<00:00, 11.43it/s]
Capturing CUDA graphs (decode, FULL):  94%|█████████▍| 33/35 [00:03<00:00, 11.80it/s]
Capturing CUDA graphs (decode, FULL): 100%|██████████| 35/35 [00:03<00:00, 10.20it/s]
(APIServer pid=1672552) (RayWorkerWrapper pid=1673568) INFO 05-17 01:44:10 [gpu_model_runner.py:6124] Graph capturing finished in 10 secs, took 1.02 GiB
(APIServer pid=1672552) (RayWorkerWrapper pid=1673568) INFO 05-17 01:44:10 [gpu_worker.py:599] CUDA graph pool memory: 1.02 GiB (actual), 1.19 GiB (estimated), difference: 0.16 GiB (16.0%).
(APIServer pid=1672552) (RayWorkerWrapper pid=1673569) INFO 05-17 01:44:10 [gpu_model_runner.py:6124] Graph capturing finished in 10 secs, took 1.02 GiB
(APIServer pid=1672552) (RayWorkerWrapper pid=1673569) INFO 05-17 01:44:10 [gpu_worker.py:599] CUDA graph pool memory: 1.02 GiB (actual), 1.19 GiB (estimated), difference: 0.16 GiB (16.0%).
(APIServer pid=1672552) (DPMoEEngineCoreActor pid=1673163) INFO 05-17 01:44:10 [core.py:299] init engine (profile, create kv cache, warmup model) took 38.94 s (compilation: 13.87 s)
(APIServer pid=1672552) (DPMoEEngineCoreActor pid=1673165) INFO 05-17 01:44:10 [core.py:299] init engine (profile, create kv cache, warmup model) took 38.82 s (compilation: 13.94 s)
(APIServer pid=1672552) (DPMoEEngineCoreActor pid=1673164) INFO 05-17 01:44:10 [core.py:299] init engine (profile, create kv cache, warmup model) took 38.95 s (compilation: 13.92 s)
(APIServer pid=1672552) (DPMoEEngineCoreActor pid=1673166) INFO 05-17 01:44:10 [core.py:299] init engine (profile, create kv cache, warmup model) took 38.95 s (compilation: 13.90 s)
(APIServer pid=1672552) (RayWorkerWrapper pid=1673567) INFO 05-17 01:44:10 [gpu_model_runner.py:6124] Graph capturing finished in 10 secs, took 1.02 GiB
(APIServer pid=1672552) (RayWorkerWrapper pid=1673567) INFO 05-17 01:44:10 [gpu_worker.py:599] CUDA graph pool memory: 1.02 GiB (actual), 1.19 GiB (estimated), difference: 0.16 GiB (16.0%).
(APIServer pid=1672552) (RayWorkerWrapper pid=1673566) INFO 05-17 01:44:10 [gpu_model_runner.py:6124] Graph capturing finished in 10 secs, took 1.02 GiB
(APIServer pid=1672552) (RayWorkerWrapper pid=1673566) INFO 05-17 01:44:10 [gpu_worker.py:599] CUDA graph pool memory: 1.02 GiB (actual), 1.19 GiB (estimated), difference: 0.16 GiB (16.0%).
(APIServer pid=1672552) (DPMoEEngineCoreActor pid=1673163) INFO 05-17 01:44:11 [config.py:460] Replacing legacy 'type' key with 'rope_type'
(APIServer pid=1672552) (DPMoEEngineCoreActor pid=1673165) INFO 05-17 01:44:11 [config.py:460] Replacing legacy 'type' key with 'rope_type'
(APIServer pid=1672552) (DPMoEEngineCoreActor pid=1673164) INFO 05-17 01:44:11 [config.py:460] Replacing legacy 'type' key with 'rope_type'
(APIServer pid=1672552) (DPMoEEngineCoreActor pid=1673166) INFO 05-17 01:44:11 [config.py:460] Replacing legacy 'type' key with 'rope_type'
(APIServer pid=1672552) (DPMoEEngineCoreActor pid=1673163) INFO 05-17 01:44:13 [nixl_utils.py:20] Setting UCX_RCACHE_MAX_UNRELEASED to '1024' to avoid a rare memory leak in UCX when using NIXL.
(APIServer pid=11672552) (DPMoEEngineCoreActor pid=1673163) WARNING 05-17 01:44:13 [nixl_utils.py:44] NIXL agent config is not available
(APIServer pid=1672552) (DPMoEEngineCoreActor pid=1673165) INFO 05-17 01:44:13 [nixl_utils.py:20] Setting UCX_RCACHE_MAX_UNRELEASED to '1024' to avoid a rare memory leak in UCX when using NIXL.
(APIServer pid=1672552) (DPMoEEngineCoreActor pid=1673165) WARNING 05-17 01:44:13 [nixl_utils.py:34] NIXL is not available
(APIServer pid=1672552) (DPMoEEngineCoreActor pid=1673165) WARNING 05-17 01:44:13 [nixl_utils.py:44] NIXL agent config is not available
(APIServer pid=1672552) (DPMoEEngineCoreActor pid=1673164) INFO 05-17 01:44:13 [nixl_utils.py:20] Setting UCX_RCACHE_MAX_UNRELEASED to '1024' to avoid a rare memory leak in UCX when using NIXL.
(APIServer pid=1672552) (DPMoEEngineCoreActor pid=1673164) WARNING 05-17 01:44:13 [nixl_utils.py:34] NIXL is not available
(APIServer pid=1672552) (DPMoEEngineCoreActor pid=1673164) WARNING 05-17 01:44:13 [nixl_utils.py:44] NIXL agent config is not available
(APIServer pid=1672552) (DPMoEEngineCoreActor pid=1673166) INFO 05-17 01:44:13 [nixl_utils.py:20] Setting UCX_RCACHE_MAX_UNRELEASED to '1024' to avoid a rare memory leak in UCX when using NIXL.
(APIServer pid=1672552) (DPMoEEngineCoreActor pid=1673166) WARNING 05-17 01:44:13 [nixl_utils.py:34] NIXL is not available
(APIServer pid=1672552) (DPMoEEngineCoreActor pid=1673166) WARNING 05-17 01:44:13 [nixl_utils.py:44] NIXL agent config is not available
(APIServer pid=1672552) (DPMoEEngineCoreActor pid=1673163) <frozen importlib._bootstrap_external>:1184: FutureWarning: The cuda.cudart module is deprecated and will be removed in a future release, please switch to use the cuda.bindings.runtime module instead.
(APIServer pid=1672552) (DPMoEEngineCoreActor pid=1673163) <frozen importlib._bootstrap_external>:1184: FutureWarning: The cuda.nvrtc module is deprecated and will be removed in a future release, please switch to use the cuda.bindings.nvrtc module instead.
(APIServer pid=1672552) (DPMoEEngineCoreActor pid=1673164) <frozen importlib._bootstrap_external>:1184: FutureWarning: The cuda.cudart module is deprecated and will be removed in a future release, please switch to use the cuda.bindings.runtime module instead.
(APIServer pid=1672552) (DPMoEEngineCoreActor pid=1673164) <frozen importlib._bootstrap_external>:1184: FutureWarning: The cuda.nvrtc module is deprecated and will be removed in a future release, please switch to use the cuda.bindings.nvrtc module instead.
(APIServer pid=1672552) (DPMoEEngineCoreActor pid=1673165) <frozen importlib._bootstrap_external>:1184: FutureWarning: The cuda.cudart module is deprecated and will be removed in a future release, please switch to use the cuda.bindings.runtime module instead.
(APIServer pid=1672552) (DPMoEEngineCoreActor pid=1673165) <frozen importlib._bootstrap_external>:1184: FutureWarning: The cuda.nvrtc module is deprecated and will be removed in a future release, please switch to use the cuda.bindings.nvrtc module instead.
(APIServer pid=1672552) (DPMoEEngineCoreActor pid=1673166) <frozen importlib._bootstrap_external>:1184: FutureWarning: The cuda.cudart module is deprecated and will be removed in a future release, please switch to use the cuda.bindings.runtime module instead.
(APIServer pid=1672552) (DPMoEEngineCoreActor pid=1673166) <frozen importlib._bootstrap_external>:1184: FutureWarning: The cuda.nvrtc module is deprecated and will be removed in a future release, please switch to use the cuda.bindings.nvrtc module instead.
INFO 05-17 01:44:15 [coordinator.py:255] All engine subscriptions received by DP coordinator
(APIServer pid=1672552) INFO 05-17 01:44:15 [api_server.py:598] Supported tasks: ['generate']
(APIServer pid=1672552) WARNING 05-17 01:44:15 [model.py:1433] Default vLLM sampling parameters have been overridden by the model's `generation_config.json`: `{'temperature': 0.3, 'top_p': 0.95}`. If this is not intended, please relaunch vLLM instance with `--generation-config vllm`.
(APIServer pid=1672552) INFO 05-17 01:44:18 [hf.py:314] Detected the chat template content format to be 'string'. You can set `--chat-template-content-format` to override this.
(APIServer pid=1672552) INFO 05-17 01:44:18 [api_server.py:602] Starting vLLM server on http://0.0.0.0:8006
(APIServer pid=1672552) INFO 05-17 01:44:18 [launcher.py:37] Available routes are:
(APIServer pid=1672552) INFO 05-17 01:44:18 [launcher.py:46] Route: /openapi.json, Methods: GET, HEAD
(APIServer pid=1672552) INFO 05-17 01:44:18 [launcher.py:46] Route: /docs, Methods: GET, HEAD
(APIServer pid=1672552) INFO 05-17 01:44:18 [launcher.py:46] Route: /docs/oauth2-redirect, Methods: GET, HEAD
(APIServer pid=1672552) INFO 05-17 01:44:18 [launcher.py:46] Route: /redoc, Methods: GET, HEAD
(APIServer pid=1672552) INFO 05-17 01:44:18 [launcher.py:46] Route: /tokenize, Methods: POST
(APIServer pid=1672552) INFO 05-17 01:44:18 [launcher.py:46] Route: /detokenize, Methods: POST
(APIServer pid=1672552) INFO 05-17 01:44:18 [launcher.py:46] Route: /load, Methods: GET
(APIServer pid=1672552) INFO 05-17 01:44:18 [launcher.py:46] Route: /version, Methods: GET
(APIServer pid=1672552) INFO 05-17 01:44:18 [launcher.py:46] Route: /health, Methods: GET
(APIServer pid=1672552) INFO 05-17 01:44:18 [launcher.py:46] Route: /metrics, Methods: GET
(APIServer pid=1672552) INFO 05-17 01:44:18 [launcher.py:46] Route: /v1/models, Methods: GET
(APIServer pid=1672552) INFO 05-17 01:44:18 [launcher.py:46] Route: /ping, Methods: GET
(APIServer pid=1672552) INFO 05-17 01:44:18 [launcher.py:46] Route: /ping, Methods: POST
(APIServer pid=1672552) INFO 05-17 01:44:18 [launcher.py:46] Route: /invocations, Methods: POST
(APIServer pid=1672552) INFO 05-17 01:44:18 [launcher.py:46] Route: /v1/chat/completions, Methods: POST
(APIServer pid=1672552) INFO 05-17 01:44:18 [launcher.py:46] Route: /v1/chat/completions/batch, Methods: POST
(APIServer pid=1672552) INFO 05-17 01:44:18 [launcher.py:46] Route: /v1/responses, Methods: POST
(APIServer pid=1672552) INFO 05-17 01:44:18 [launcher.py:46] Route: /v1/responses/{response_id}, Methods: GET
(APIServer pid=1672552) INFO 05-17 01:44:18 [launcher.py:46] Route: /v1/responses/{response_id}/cancel, Methods: POST
(APIServer pid=1672552) INFO 05-17 01:44:18 [launcher.py:46] Route: /v1/completions, Methods: POST
(APIServer pid=1672552) INFO 05-17 01:44:18 [launcher.py:46] Route: /v1/messages, Methods: POST
(APIServer pid=1672552) INFO 05-17 01:44:18 [launcher.py:46] Route: /v1/messages/count_tokens, Methods: POST
(APIServer pid=1672552) INFO 05-17 01:44:18 [launcher.py:46] Route: /inference/v1/generate, Methods: POST
(APIServer pid=1672552) INFO 05-17 01:44:18 [launcher.py:46] Route: /scale_elastic_ep, Methods: POST
(APIServer pid=1672552) INFO 05-17 01:44:18 [launcher.py:46] Route: /set_redundant_experts, Methods: POST
(APIServer pid=1672552) INFO 05-17 01:44:18 [launcher.py:46] Route: /is_scaling_elastic_ep, Methods: POST
(APIServer pid=1672552) INFO 05-17 01:44:18 [launcher.py:46] Route: /generative_scoring, Methods: POST
(APIServer pid=1672552) INFO 05-17 01:44:18 [launcher.py:46] Route: /v1/chat/completions/render, Methods: POST
(APIServer pid=1672552) INFO 05-17 01:44:18 [launcher.py:46] Route: /v1/completions/render, Methods: POST
(APIServer pid=1672552) INFO:     Started server process [1672552]
(APIServer pid=1672552) INFO:     Waiting for application startup.
(APIServer pid=1672552) INFO:     Application startup complete.
(APIServer pid=1672552) (DPMoEEngineCoreActor pid=1673163) INFO 05-17 01:47:13 [core.py:1839] [Elastic EP] Received reconfiguration request and starting scaling up/down
(APIServer pid=1672552) (DPMoEEngineCoreActor pid=1673165) INFO 05-17 01:47:13 [core.py:1839] [Elastic EP] Received reconfiguration request and starting scaling up/down
(APIServer pid=1672552) (DPMoEEngineCoreActor pid=1673164) INFO 05-17 01:47:13 [core.py:1839] [Elastic EP] Received reconfiguration request and starting scaling up/down
(APIServer pid=1672552) (DPMoEEngineCoreActor pid=1673166) INFO 05-17 01:47:13 [core.py:1839] [Elastic EP] Received reconfiguration request and starting scaling up/down
(APIServer pid=1672552) (pid=1680368) W0517 01:47:17.757000 1680368 torch/utils/cpp_extension.py:140] No CUDA runtime is found, using CUDA_HOME='/usr/local/cuda-12.9'
(APIServer pid=1672552) (pid=1680369) W0517 01:47:17.801000 1680369 torch/utils/cpp_extension.py:140] No CUDA runtime is found, using CUDA_HOME='/usr/local/cuda-12.9'
(APIServer pid=1672552) (pid=1680370) W0517 01:47:17.818000 1680370 torch/utils/cpp_extension.py:140] No CUDA runtime is found, using CUDA_HOME='/usr/local/cuda-12.9'
(APIServer pid=1672552) (pid=1680371) W0517 01:47:17.838000 1680371 torch/utils/cpp_extension.py:140] No CUDA runtime is found, using CUDA_HOME='/usr/local/cuda-12.9'
(APIServer pid=1672552) (DPMoEEngineCoreActor pid=1673163) INFO 05-17 01:47:18 [elastic_state.py:54] [Elastic EP Timer] wait_for_engines_barrier: 3.04ms (dp_rank=0)
(APIServer pid=1672552) (DPMoEEngineCoreActor pid=1673165) INFO 05-17 01:47:18 [elastic_state.py:54] [Elastic EP Timer] wait_for_engines_barrier: 2.93ms (dp_rank=2)
(APIServer pid=1672552) (DPMoEEngineCoreActor pid=1673164) INFO 05-17 01:47:18 [elastic_state.py:54] [Elastic EP Timer] wait_for_engines_barrier: 2.99ms (dp_rank=1)
(APIServer pid=1672552) (DPMoEEngineCoreActor pid=1673166) INFO 05-17 01:47:18 [elastic_state.py:54] [Elastic EP Timer] wait_for_engines_barrier: 2.62ms (dp_rank=3)
(APIServer pid=1672552) (DPMoEEngineCoreActor pid=1680368) INFO 05-17 01:47:19 [ray_utils.py:568] Ray is already initialized. Skipping Ray initialization.
(APIServer pid=1672552) (DPMoEEngineCoreActor pid=1680368) INFO 05-17 01:47:19 [ray_utils.py:599] Using the existing placement group
(APIServer pid=1672552) (DPMoEEngineCoreActor pid=1680369) INFO 05-17 01:47:19 [ray_utils.py:568] Ray is already initialized. Skipping Ray initialization.
(APIServer pid=1672552) (DPMoEEngineCoreActor pid=1680369) INFO 05-17 01:47:19 [ray_utils.py:599] Using the existing placement group
(APIServer pid=1672552) (DPMoEEngineCoreActor pid=1680371) INFO 05-17 01:47:19 [ray_utils.py:568] Ray is already initialized. Skipping Ray initialization.
(APIServer pid=1672552) (DPMoEEngineCoreActor pid=1680371) INFO 05-17 01:47:19 [ray_utils.py:599] Using the existing placement group
(APIServer pid=1672552) (DPMoEEngineCoreActor pid=1680370) INFO 05-17 01:47:19 [ray_utils.py:568] Ray is already initialized. Skipping Ray initialization.
(APIServer pid=1672552) (DPMoEEngineCoreActor pid=1680370) INFO 05-17 01:47:19 [ray_utils.py:599] Using the existing placement group
(APIServer pid=1672552) (DPMoEEngineCoreActor pid=1680368) INFO 05-17 01:47:24 [ray_env.py:100] Env var prefixes to copy: ['HF_', 'HUGGING_FACE_', 'LMCACHE_', 'NCCL_', 'UCX_', 'VLLM_']
(APIServer pid=1672552) (DPMoEEngineCoreActor pid=1680368) INFO 05-17 01:47:24 [ray_env.py:101] Copying the following environment variables to workers: ['CUDA_HOME', 'HF_HOME', 'HF_TOKEN', 'LD_LIBRARY_PATH', 'NCCL_DEBUG', 'NCCL_IB_HCA', 'NCCL_IB_TIMEOUT', 'NCCL_IGNORE_CPU_AFFINITY', 'NCCL_VERSION', 'UCX_CUDA_COPY_DMABUF', 'VLLM_ELASTIC_EP_SCALE_UP_LAUNCH', 'VLLM_NIXL_EP_MAX_NUM_RANKS', 'VLLM_NO_USAGE_STATS', 'VLLM_USE_DEEP_GEMM', 'VLLM_WORKER_MULTIPROC_METHOD']
(APIServer pid=1672552) (DPMoEEngineCoreActor pid=1680368) INFO 05-17 01:47:24 [ray_env.py:111] To exclude env vars from copying, add them to /data/.config/vllm/ray_non_carry_over_env_vars.json
(APIServer pid=1672552) (DPMoEEngineCoreActor pid=1680369) INFO 05-17 01:47:24 [ray_env.py:100] Env var prefixes to copy: ['HF_', 'HUGGING_FACE_', 'LMCACHE_', 'NCCL_', 'UCX_', 'VLLM_']
(APIServer pid=1672552) (DPMoEEngineCoreActor pid=1680369) INFO 05-17 01:47:24 [ray_env.py:101] Copying the following environment variables to workers: ['CUDA_HOME', 'HF_HOME', 'HF_TOKEN', 'LD_LIBRARY_PATH', 'NCCL_DEBUG', 'NCCL_IB_HCA', 'NCCL_IB_TIMEOUT', 'NCCL_IGNORE_CPU_AFFINITY', 'NCCL_VERSION', 'UCX_CUDA_COPY_DMABUF', 'VLLM_ELASTIC_EP_SCALE_UP_LAUNCH', 'VLLM_NIXL_EP_MAX_NUM_RANKS', 'VLLM_NO_USAGE_STATS', 'VLLM_USE_DEEP_GEMM', 'VLLM_WORKER_MULTIPROC_METHOD']
(APIServer pid=1672552) (DPMoEEngineCoreActor pid=1680369) INFO 05-17 01:47:24 [ray_env.py:111] To exclude env vars from copying, add them to /data/.config/vllm/ray_non_carry_over_env_vars.json
(APIServer pid=1672552) (DPMoEEngineCoreActor pid=1680371) INFO 05-17 01:47:24 [ray_env.py:100] Env var prefixes to copy: ['HF_', 'HUGGING_FACE_', 'LMCACHE_', 'NCCL_', 'UCX_', 'VLLM_']
(APIServer pid=1672552) (DPMoEEngineCoreActor pid=1680371) INFO 05-17 01:47:24 [ray_env.py:101] Copying the following environment variables to workers: ['CUDA_HOME', 'HF_HOME', 'HF_TOKEN', 'LD_LIBRARY_PATH', 'NCCL_DEBUG', 'NCCL_IB_HCA', 'NCCL_IB_TIMEOUT', 'NCCL_IGNORE_CPU_AFFINITY', 'NCCL_VERSION', 'UCX_CUDA_COPY_DMABUF', 'VLLM_ELASTIC_EP_SCALE_UP_LAUNCH', 'VLLM_NIXL_EP_MAX_NUM_RANKS', 'VLLM_NO_USAGE_STATS', 'VLLM_USE_DEEP_GEMM', 'VLLM_WORKER_MULTIPROC_METHOD']
(APIServer pid=1672552) (DPMoEEngineCoreActor pid=1680371) INFO 05-17 01:47:24 [ray_env.py:111] To exclude env vars from copying, add them to /data/.config/vllm/ray_non_carry_over_env_vars.json
(APIServer pid=1672552) (DPMoEEngineCoreActor pid=1680370) INFO 05-17 01:47:24 [ray_env.py:100] Env var prefixes to copy: ['HF_', 'HUGGING_FACE_', 'LMCACHE_', 'NCCL_', 'UCX_', 'VLLM_']
(APIServer pid=1672552) (DPMoEEngineCoreActor pid=1680370) INFO 05-17 01:47:24 [ray_env.py:101] Copying the following environment variables to workers: ['CUDA_HOME', 'HF_HOME', 'HF_TOKEN', 'LD_LIBRARY_PATH', 'NCCL_DEBUG', 'NCCL_IB_HCA', 'NCCL_IB_TIMEOUT', 'NCCL_IGNORE_CPU_AFFINITY', 'NCCL_VERSION', 'UCX_CUDA_COPY_DMABUF', 'VLLM_ELASTIC_EP_SCALE_UP_LAUNCH', 'VLLM_NIXL_EP_MAX_NUM_RANKS', 'VLLM_NO_USAGE_STATS', 'VLLM_USE_DEEP_GEMM', 'VLLM_WORKER_MULTIPROC_METHOD']
(APIServer pid=1672552) (DPMoEEngineCoreActor pid=1680370) INFO 05-17 01:47:24 [ray_env.py:111] To exclude env vars from copying, add them to /data/.config/vllm/ray_non_carry_over_env_vars.json
(APIServer pid=1672552) (RayWorkerWrapper pid=1680874) WARNING 05-17 01:47:24 [system_utils.py:38] Overwriting environment variable CUDA_VISIBLE_DEVICES from '0,1,2,3,4,5,6,7' to '7'
(APIServer pid=1672552) (RayWorkerWrapper pid=1680873) WARNING 05-17 01:47:24 [system_utils.py:38] Overwriting environment variable CUDA_VISIBLE_DEVICES from '0,1,2,3,4,5,6,7' to '6'
(APIServer pid=1672552) (RayWorkerWrapper pid=1680875) WARNING 05-17 01:47:24 [system_utils.py:38] Overwriting environment variable CUDA_VISIBLE_DEVICES from '0,1,2,3,4,5,6,7' to '4'
(APIServer pid=1672552) (RayWorkerWrapper pid=1680872) WARNING 05-17 01:47:24 [system_utils.py:38] Overwriting environment variable CUDA_VISIBLE_DEVICES from '0,1,2,3,4,5,6,7' to '5'
(APIServer pid=1672552) (RayWorkerWrapper pid=1680874) INFO 05-17 01:47:24 [nixl_utils.py:20] Setting UCX_RCACHE_MAX_UNRELEASED to '1024' to avoid a rare memory leak in UCX when using NIXL.
(APIServer pid=1672552) (RayWorkerWrapper pid=1680874) WARNING 05-17 01:47:24 [nixl_utils.py:34] NIXL is not available
(APIServer pid=1672552) (RayWorkerWrapper pid=1680874) WARNING 05-17 01:47:24 [nixl_utils.py:44] NIXL agent config is not available
(APIServer pid=1672552) (RayWorkerWrapper pid=1680873) INFO 05-17 01:47:24 [nixl_utils.py:20] Setting UCX_RCACHE_MAX_UNRELEASED to '1024' to avoid a rare memory leak in UCX when using NIXL.
(APIServer pid=1672552) (RayWorkerWrapper pid=1680873) WARNING 05-17 01:47:24 [nixl_utils.py:34] NIXL is not available
(APIServer pid=1672552) (RayWorkerWrapper pid=1680873) WARNING 05-17 01:47:24 [nixl_utils.py:44] NIXL agent config is not available
(APIServer pid=1672552) (RayWorkerWrapper pid=1680875) INFO 05-17 01:47:24 [nixl_utils.py:20] Setting UCX_RCACHE_MAX_UNRELEASED to '1024' to avoid a rare memory leak in UCX when using NIXL.
(APIServer pid=1672552) (RayWorkerWrapper pid=1680875) WARNING 05-17 01:47:24 [nixl_utils.py:34] NIXL is not available
(APIServer pid=1672552) (RayWorkerWrapper pid=1680875) WARNING 05-17 01:47:24 [nixl_utils.py:44] NIXL agent config is not available
(APIServer pid=1672552) (RayWorkerWrapper pid=1680872) INFO 05-17 01:47:24 [nixl_utils.py:20] Setting UCX_RCACHE_MAX_UNRELEASED to '1024' to avoid a rare memory leak in UCX when using NIXL.
(APIServer pid=1672552) (RayWorkerWrapper pid=1680872) WARNING 05-17 01:47:24 [nixl_utils.py:34] NIXL is not available
(APIServer pid=1672552) (RayWorkerWrapper pid=1680872) WARNING 05-17 01:47:24 [nixl_utils.py:44] NIXL agent config is not available
(APIServer pid=1672552) (RayWorkerWrapper pid=1680873) <frozen importlib._bootstrap_external>:1184: FutureWarning: The cuda.cudart module is deprecated and will be removed in a future release, please switch to use the cuda.bindings.runtime module instead.
(APIServer pid=1672552) (RayWorkerWrapper pid=1680873) <frozen importlib._bootstrap_external>:1184: FutureWarning: The cuda.nvrtc module is deprecated and will be removed in a future release, please switch to use the cuda.bindings.nvrtc module instead.
(APIServer pid=1672552) (RayWorkerWrapper pid=1680873) WARNING 05-17 01:47:26 [worker_base.py:292] Missing `shared_worker_lock` argument from executor. This argument is needed for mm_processor_cache_type='shm'.
(APIServer pid=1672552) (RayWorkerWrapper pid=1680873) INFO 05-17 01:47:26 [parallel_state.py:1402] world_size=1 rank=0 local_rank=0 distributed_init_method=tcp://127.0.0.1:14565 backend=nccl
(APIServer pid=1672552) (RayWorkerWrapper pid=1680875) <frozen importlib._bootstrap_external>:1184: FutureWarning: The cuda.cudart module is deprecated and will be removed in a future release, please switch to use the cuda.bindings.runtime module instead.
(APIServer pid=1672552) (RayWorkerWrapper pid=1680875) <frozen importlib._bootstrap_external>:1184: FutureWarning: The cuda.nvrtc module is deprecated and will be removed in a future release, please switch to use the cuda.bindings.nvrtc module instead.
(APIServer pid=1672552) (RayWorkerWrapper pid=1680874) <frozen importlib._bootstrap_external>:1184: FutureWarning: The cuda.cudart module is deprecated and will be removed in a future release, please switch to use the cuda.bindings.runtime module instead.
(APIServer pid=1672552) (RayWorkerWrapper pid=1680874) <frozen importlib._bootstrap_external>:1184: FutureWarning: The cuda.nvrtc module is deprecated and will be removed in a future release, please switch to use the cuda.bindings.nvrtc module instead.
(APIServer pid=1672552) (RayWorkerWrapper pid=1680875) WARNING 05-17 01:47:26 [worker_base.py:292] Missing `shared_worker_lock` argument from executor. This argument is needed for mm_processor_cache_type='shm'.
(APIServer pid=1672552) (RayWorkerWrapper pid=1680875) INFO 05-17 01:47:26 [parallel_state.py:1402] world_size=1 rank=0 local_rank=0 distributed_init_method=tcp://127.0.0.1:17947 backend=nccl
(APIServer pid=1672552) (RayWorkerWrapper pid=1680874) WARNING 05-17 01:47:27 [worker_base.py:292] Missing `shared_worker_lock` argument from executor. This argument is needed for mm_processor_cache_type='shm'.
(APIServer pid=1672552) (RayWorkerWrapper pid=1680874) INFO 05-17 01:47:27 [parallel_state.py:1402] world_size=1 rank=0 local_rank=0 distributed_init_method=tcp://127.0.0.1:36793 backend=nccl
(APIServer pid=1672552) (RayWorkerWrapper pid=1680872) <frozen importlib._bootstrap_external>:1184: FutureWarning: The cuda.cudart module is deprecated and will be removed in a future release, please switch to use the cuda.bindings.runtime module instead.
(APIServer pid=1672552) (RayWorkerWrapper pid=1680872) <frozen importlib._bootstrap_external>:1184: FutureWarning: The cuda.nvrtc module is deprecated and will be removed in a future release, please switch to use the cuda.bindings.nvrtc module instead.
(APIServer pid=1672552) (RayWorkerWrapper pid=1680872) WARNING 05-17 01:47:27 [worker_base.py:292] Missing `shared_worker_lock` argument from executor. This argument is needed for mm_processor_cache_type='shm'.
(APIServer pid=1672552) (RayWorkerWrapper pid=1680872) INFO 05-17 01:47:27 [parallel_state.py:1402] world_size=1 rank=0 local_rank=0 distributed_init_method=tcp://127.0.0.1:58289 backend=nccl
(APIServer pid=1672552) (DPMoEEngineCoreActor pid=1673163) INFO 05-17 01:47:53 [elastic_state.py:54] [Elastic EP Timer] create_standby_groups: 35770.71ms (dp_rank=0)
(APIServer pid=1672552) (DPMoEEngineCoreActor pid=1673163) INFO 05-17 01:47:53 [elastic_state.py:534] [Elastic EP] Created standby communication groups
(APIServer pid=1672552) (DPMoEEngineCoreActor pid=1673165) INFO 05-17 01:47:53 [elastic_state.py:54] [Elastic EP Timer] create_standby_groups: 35771.29ms (dp_rank=2)
(APIServer pid=1672552) (DPMoEEngineCoreActor pid=1673164) INFO 05-17 01:47:53 [elastic_state.py:54] [Elastic EP Timer] create_standby_groups: 35770.15ms (dp_rank=1)
(APIServer pid=1672552) (DPMoEEngineCoreActor pid=1673166) INFO 05-17 01:47:53 [elastic_state.py:54] [Elastic EP Timer] create_standby_groups: 35769.77ms (dp_rank=3)
(APIServer pid=1672552) (RayWorkerWrapper pid=1673567) INFO 05-17 01:47:53 [elastic_execute.py:196] [Elastic EP] EPLB disabled during elastic scaling transition
(APIServer pid=1672552) (RayWorkerWrapper pid=1680874) INFO 05-17 01:47:53 [parallel_state.py:1715] rank 7 in world size 8 is assigned as DP rank 7, PP rank 0, PCP rank 0, TP rank 0, EP rank 7, EPLB rank 7
(APIServer pid=1672552) (RayWorkerWrapper pid=1680873) INFO 05-17 01:47:53 [parallel_state.py:1715] rank 6 in world size 8 is assigned as DP rank 6, PP rank 0, PCP rank 0, TP rank 0, EP rank 6, EPLB rank 6
(APIServer pid=1672552) (RayWorkerWrapper pid=1680875) INFO 05-17 01:47:53 [parallel_state.py:1715] rank 4 in world size 8 is assigned as DP rank 4, PP rank 0, PCP rank 0, TP rank 0, EP rank 4, EPLB rank 4
(APIServer pid=1672552) (RayWorkerWrapper pid=1680872) INFO 05-17 01:47:53 [parallel_state.py:1715] rank 5 in world size 8 is assigned as DP rank 5, PP rank 0, PCP rank 0, TP rank 0, EP rank 5, EPLB rank 5
(APIServer pid=1672552) (RayWorkerWrapper pid=1680873) INFO 05-17 01:47:54 [cuda.py:368] Using FLASH_ATTN_MLA attention backend out of potential backends: ['FLASH_ATTN_MLA', 'FLASHMLA', 'TRITON_MLA'].
(APIServer pid=1672552) (RayWorkerWrapper pid=1680873) INFO 05-17 01:47:54 [mla_attention.py:2251] Using FlashAttention prefill for MLA
(APIServer pid=1672552) (RayWorkerWrapper pid=1680873) INFO 05-17 01:47:54 [deep_gemm.py:113] DeepGEMM E8M0 enabled on current platform.
(APIServer pid=1672552) (RayWorkerWrapper pid=1680875) INFO 05-17 01:47:54 [cuda.py:368] Using FLASH_ATTN_MLA attention backend out of potential backends: ['FLASH_ATTN_MLA', 'FLASHMLA', 'TRITON_MLA'].
(APIServer pid=1672552) (RayWorkerWrapper pid=1680875) INFO 05-17 01:47:54 [mla_attention.py:2251] Using FlashAttention prefill for MLA
(APIServer pid=1672552) (RayWorkerWrapper pid=1680875) INFO 05-17 01:47:54 [deep_gemm.py:113] DeepGEMM E8M0 enabled on current platform.
(APIServer pid=1672552) (RayWorkerWrapper pid=1680875) INFO 05-17 01:47:54 [layer.py:405] [EP Rank 4/8] Expert parallelism is enabled. Expert placement strategy: linear. Local/global number of experts: 16/128. Experts local to global index map: 0->64, 1->65, 2->66, 3->67, 4->68, 5->69, 6->70, 7->71, 8->72, 9->73, 10->74, 11->75, 12->76, 13->77, 14->78, 15->79.
(APIServer pid=1672552) (RayWorkerWrapper pid=1680875) INFO 05-17 01:47:54 [unquantized.py:286] Using BATCHED_TRITON Unquantized MoE backend out of potential backends: ['FlashInfer TRTLLM', 'TRITON', 'BATCHED_TRITON', 'FlashInfer CUTLASS'].
(APIServer pid=1672552) (RayWorkerWrapper pid=1680872) INFO 05-17 01:47:54 [cuda.py:368] Using FLASH_ATTN_MLA attention backend out of potential backends: ['FLASH_ATTN_MLA', 'FLASHMLA', 'TRITON_MLA'].
(APIServer pid=1672552) (RayWorkerWrapper pid=1680872) INFO 05-17 01:47:54 [mla_attention.py:2251] Using FlashAttention prefill for MLA
(APIServer pid=1672552) (RayWorkerWrapper pid=1680872) INFO 05-17 01:47:54 [deep_gemm.py:113] DeepGEMM E8M0 enabled on current platform.
(APIServer pid=1672552) (RayWorkerWrapper pid=1680874) INFO 05-17 01:47:54 [cuda.py:368] Using FLASH_ATTN_MLA attention backend out of potential backends: ['FLASH_ATTN_MLA', 'FLASHMLA', 'TRITON_MLA'].
(APIServer pid=1672552) (RayWorkerWrapper pid=1680874) INFO 05-17 01:47:54 [mla_attention.py:2251] Using FlashAttention prefill for MLA
(APIServer pid=1672552) (RayWorkerWrapper pid=1680873) INFO 05-17 01:47:54 [layer.py:405] [EP Rank 6/8] Expert parallelism is enabled. Expert placement strategy: linear. Local/global number of experts: 16/128. Experts local to global index map: 0->96, 1->97, 2->98, 3->99, 4->100, 5->101, 6->102, 7->103, 8->104, 9->105, 10->106, 11->107, 12->108, 13->109, 14->110, 15->111.
(APIServer pid=1672552) (RayWorkerWrapper pid=1680873) INFO 05-17 01:47:54 [unquantized.py:286] Using BATCHED_TRITON Unquantized MoE backend out of potential backends: ['FlashInfer TRTLLM', 'TRITON', 'BATCHED_TRITON', 'FlashInfer CUTLASS'].
(APIServer pid=1672552) (RayWorkerWrapper pid=1680872) INFO 05-17 01:47:54 [layer.py:405] [EP Rank 5/8] Expert parallelism is enabled. Expert placement strategy: linear. Local/global number of experts: 16/128. Experts local to global index map: 0->80, 1->81, 2->82, 3->83, 4->84, 5->85, 6->86, 7->87, 8->88, 9->89, 10->90, 11->91, 12->92, 13->93, 14->94, 15->95.
(APIServer pid=1672552) (RayWorkerWrapper pid=1680872) INFO 05-17 01:47:54 [unquantized.py:286] Using BATCHED_TRITON Unquantized MoE backend out of potential backends: ['FlashInfer TRTLLM', 'TRITON', 'BATCHED_TRITON', 'FlashInfer CUTLASS'].
(APIServer pid=1672552) (RayWorkerWrapper pid=1680874) INFO 05-17 01:47:54 [deep_gemm.py:113] DeepGEMM E8M0 enabled on current platform.
(APIServer pid=1672552) (RayWorkerWrapper pid=1680874) INFO 05-17 01:47:54 [layer.py:405] [EP Rank 7/8] Expert parallelism is enabled. Expert placement strategy: linear. Local/global number of experts: 16/128. Experts local to global index map: 0->112, 1->113, 2->114, 3->115, 4->116, 5->117, 6->118, 7->119, 8->120, 9->121, 10->122, 11->123, 12->124, 13->125, 14->126, 15->127.
(APIServer pid=1672552) (RayWorkerWrapper pid=1680874) INFO 05-17 01:47:54 [unquantized.py:286] Using BATCHED_TRITON Unquantized MoE backend out of potential backends: ['FlashInfer TRTLLM', 'TRITON', 'BATCHED_TRITON', 'FlashInfer CUTLASS'].
(APIServer pid=1672552) (DPMoEEngineCoreActor pid=1673163) INFO 05-17 01:47:58 [elastic_state.py:54] [Elastic EP Timer] transfer_expert_mapping: 4943.70ms (dp_rank=0)
(APIServer pid=1672552) (DPMoEEngineCoreActor pid=1673163) INFO 05-17 01:47:58 [elastic_state.py:557] [Elastic EP] Broadcasted expert mapping to new workers
(APIServer pid=1672552) (DPMoEEngineCoreActor pid=1673165) INFO 05-17 01:47:58 [elastic_state.py:54] [Elastic EP Timer] transfer_expert_mapping: 4945.24ms (dp_rank=2)
(APIServer pid=1672552) (DPMoEEngineCoreActor pid=1673164) INFO 05-17 01:47:58 [elastic_state.py:54] [Elastic EP Timer] transfer_expert_mapping: 4943.60ms (dp_rank=1)
(APIServer pid=1672552) (DPMoEEngineCoreActor pid=1673166) INFO 05-17 01:47:58 [elastic_state.py:54] [Elastic EP Timer] transfer_expert_mapping: 4944.12ms (dp_rank=3)
(APIServer pid=1672552) (RayWorkerWrapper pid=1673567) INFO 05-17 01:47:58 [all2all.py:420] [Elastic EP Timer] NIXL-EP connect_ranks (ep_rank=0): ranks=[4, 5, 6, 7], 4932.83ms
(APIServer pid=1672552) (RayWorkerWrapper pid=1673569) INFO 05-17 01:47:58 [all2all.py:420] [Elastic EP Timer] NIXL-EP connect_ranks (ep_rank=3): ranks=[4, 5, 6, 7], 4932.32ms
(APIServer pid=1672552) (RayWorkerWrapper pid=1673568) INFO 05-17 01:47:58 [all2all.py:420] [Elastic EP Timer] NIXL-EP connect_ranks (ep_rank=2): ranks=[4, 5, 6, 7], 4931.48ms
(APIServer pid=1672552) (RayWorkerWrapper pid=1673566) INFO 05-17 01:47:58 [all2all.py:420] [Elastic EP Timer] NIXL-EP connect_ranks (ep_rank=1): ranks=[4, 5, 6, 7], 4931.26ms
(APIServer pid=1672552) (RayWorkerWrapper pid=1680874) INFO 05-17 01:47:58 [all2all.py:396] [Elastic EP Timer] NIXL-EP _init_buffer (ep_rank=7): create=0.01ms, update_memory=2218.18ms, connect_ranks([0, 1, 2, 3, 4, 5, 6, 7])=1527.46ms
(APIServer pid=1672552) (RayWorkerWrapper pid=1680874) INFO 05-17 01:47:58 [unquantized.py:343] Using NixlEPPrepareAndFinalize
(APIServer pid=1672552) (RayWorkerWrapper pid=1680873) INFO 05-17 01:47:58 [all2all.py:396] [Elastic EP Timer] NIXL-EP _init_buffer (ep_rank=6): create=0.01ms, update_memory=2242.05ms, connect_ranks([0, 1, 2, 3, 4, 5, 6, 7])=1643.19ms
(APIServer pid=1672552) (RayWorkerWrapper pid=1680873) INFO 05-17 01:47:58 [unquantized.py:343] Using NixlEPPrepareAndFinalize
(APIServer pid=1672552) (RayWorkerWrapper pid=1680875) INFO 05-17 01:47:58 [all2all.py:396] [Elastic EP Timer] NIXL-EP _init_buffer (ep_rank=4): create=0.01ms, update_memory=2168.02ms, connect_ranks([0, 1, 2, 3, 4, 5, 6, 7])=1739.91ms
(APIServer pid=1672552) (RayWorkerWrapper pid=1680875) INFO 05-17 01:47:58 [unquantized.py:343] Using NixlEPPrepareAndFinalize
(APIServer pid=1672552) (RayWorkerWrapper pid=1680872) INFO 05-17 01:47:58 [all2all.py:396] [Elastic EP Timer] NIXL-EP _init_buffer (ep_rank=5): create=0.02ms, update_memory=2242.71ms, connect_ranks([0, 1, 2, 3, 4, 5, 6, 7])=1626.73ms
(APIServer pid=1672552) (RayWorkerWrapper pid=1680872) INFO 05-17 01:47:58 [unquantized.py:343] Using NixlEPPrepareAndFinalize
(APIServer pid=1672552) (DPMoEEngineCoreActor pid=1673163) INFO 05-17 01:47:59 [elastic_state.py:54] [Elastic EP Timer] wait_new_workers_init: 509.31ms (dp_rank=0)
(APIServer pid=1672552) (DPMoEEngineCoreActor pid=1673163) INFO 05-17 01:47:59 [elastic_state.py:54] [Elastic EP Timer] wait_new_workers_init: 509.74ms (dp_rank=0)
(APIServer pid=1672552) (DPMoEEngineCoreActor pid=1673163) INFO 05-17 01:47:59 [elastic_state.py:54] [Elastic EP Timer] wait_new_workers_init: 509.83ms (dp_rank=0)
(APIServer pid=1672552) (DPMoEEngineCoreActor pid=1673163) INFO 05-17 01:47:59 [elastic_state.py:54] [Elastic EP Timer] wait_new_workers_init: 509.90ms (dp_rank=0)
(APIServer pid=1672552) (DPMoEEngineCoreActor pid=1673163) INFO 05-17 01:47:59 [elastic_state.py:54] [Elastic EP Timer] wait_new_workers_init: 509.98ms (dp_rank=0)
(APIServer pid=1672552) (DPMoEEngineCoreActor pid=1673163) INFO 05-17 01:47:59 [elastic_state.py:54] [Elastic EP Timer] wait_new_workers_init: 510.04ms (dp_rank=0)
(APIServer pid=1672552) (DPMoEEngineCoreActor pid=1673163) INFO 05-17 01:47:59 [elastic_state.py:54] [Elastic EP Timer] wait_new_workers_init: 510.11ms (dp_rank=0)
(APIServer pid=1672552) (DPMoEEngineCoreActor pid=1673163) INFO 05-17 01:47:59 [elastic_state.py:54] [Elastic EP Timer] wait_new_workers_init: 510.17ms (dp_rank=0)
(APIServer pid=1672552) (DPMoEEngineCoreActor pid=1673163) INFO 05-17 01:47:59 [elastic_state.py:54] [Elastic EP Timer] wait_new_workers_init: 510.23ms (dp_rank=0)
(APIServer pid=1672552) (DPMoEEngineCoreActor pid=1673163) INFO 05-17 01:47:59 [elastic_state.py:54] [Elastic EP Timer] wait_new_workers_init: 510.29ms (dp_rank=0)
(APIServer pid=1672552) (DPMoEEngineCoreActor pid=1673163) INFO 05-17 01:47:59 [elastic_state.py:54] [Elastic EP Timer] wait_new_workers_init: 510.34ms (dp_rank=0)
(APIServer pid=1672552) (DPMoEEngineCoreActor pid=1673163) INFO 05-17 01:47:59 [elastic_state.py:54] [Elastic EP Timer] wait_new_workers_init: 510.40ms (dp_rank=0)
(APIServer pid=1672552) (DPMoEEngineCoreActor pid=1673163) INFO 05-17 01:47:59 [elastic_state.py:54] [Elastic EP Timer] wait_new_workers_init: 510.46ms (dp_rank=0)
(APIServer pid=1672552) (DPMoEEngineCoreActor pid=1673163) INFO 05-17 01:47:59 [elastic_state.py:54] [Elastic EP Timer] wait_new_workers_init: 510.53ms (dp_rank=0)
(APIServer pid=1672552) (DPMoEEngineCoreActor pid=1673163) INFO 05-17 01:47:59 [elastic_state.py:54] [Elastic EP Timer] wait_new_workers_init: 510.59ms (dp_rank=0)
(APIServer pid=1672552) (DPMoEEngineCoreActor pid=1673163) INFO 05-17 01:47:59 [elastic_state.py:54] [Elastic EP Timer] wait_new_workers_init: 510.65ms (dp_rank=0)
(APIServer pid=1672552) (DPMoEEngineCoreActor pid=1673163) INFO 05-17 01:47:59 [elastic_state.py:54] [Elastic EP Timer] wait_new_workers_init: 510.70ms (dp_rank=0)
(APIServer pid=1672552) (DPMoEEngineCoreActor pid=1673163) INFO 05-17 01:47:59 [elastic_state.py:54] [Elastic EP Timer] wait_new_workers_init: 510.76ms (dp_rank=0)
(APIServer pid=1672552) (DPMoEEngineCoreActor pid=1673163) INFO 05-17 01:47:59 [elastic_state.py:54] [Elastic EP Timer] wait_new_workers_init: 510.82ms (dp_rank=0)
(APIServer pid=1672552) (DPMoEEngineCoreActor pid=1673163) INFO 05-17 01:47:59 [elastic_state.py:54] [Elastic EP Timer] wait_new_workers_init: 510.87ms (dp_rank=0)
(APIServer pid=1672552) (DPMoEEngineCoreActor pid=1673163) INFO 05-17 01:47:59 [elastic_state.py:54] [Elastic EP Timer] wait_new_workers_init: 510.92ms (dp_rank=0)
(APIServer pid=1672552) (DPMoEEngineCoreActor pid=1673163) INFO 05-17 01:47:59 [elastic_state.py:54] [Elastic EP Timer] wait_new_workers_init: 510.98ms (dp_rank=0)
(APIServer pid=1672552) (DPMoEEngineCoreActor pid=1673163) INFO 05-17 01:47:59 [elastic_state.py:54] [Elastic EP Timer] wait_new_workers_init: 511.03ms (dp_rank=0)
(APIServer pid=1672552) (DPMoEEngineCoreActor pid=1673163) INFO 05-17 01:47:59 [elastic_state.py:54] [Elastic EP Timer] wait_new_workers_init: 511.08ms (dp_rank=0)
(APIServer pid=1672552) (DPMoEEngineCoreActor pid=1673163) INFO 05-17 01:47:59 [elastic_state.py:54] [Elastic EP Timer] wait_new_workers_init: 511.14ms (dp_rank=0)
(APIServer pid=1672552) (DPMoEEngineCoreActor pid=1673163) INFO 05-17 01:47:59 [elastic_state.py:54] [Elastic EP Timer] wait_new_workers_init: 511.20ms (dp_rank=0)
(APIServer pid=1672552) (DPMoEEngineCoreActor pid=1673163) INFO 05-17 01:47:59 [elastic_state.py:54] [Elastic EP Timer] wait_new_workers_init: 511.26ms (dp_rank=0)
(APIServer pid=1672552) (DPMoEEngineCoreActor pid=1673163) INFO 05-17 01:47:59 [elastic_state.py:54] [Elastic EP Timer] wait_new_workers_init: 511.31ms (dp_rank=0)
(APIServer pid=1672552) (DPMoEEngineCoreActor pid=1673163) INFO 05-17 01:47:59 [elastic_state.py:54] [Elastic EP Timer] wait_new_workers_init: 511.36ms (dp_rank=0)
(APIServer pid=1672552) (DPMoEEngineCoreActor pid=1673163) INFO 05-17 01:47:59 [elastic_state.py:54] [Elastic EP Timer] wait_new_workers_init: 511.42ms (dp_rank=0)
(APIServer pid=1672552) (DPMoEEngineCoreActor pid=1673163) INFO 05-17 01:47:59 [elastic_state.py:54] [Elastic EP Timer] wait_new_workers_init: 511.47ms (dp_rank=0)
(APIServer pid=1672552) (DPMoEEngineCoreActor pid=1673163) INFO 05-17 01:47:59 [elastic_state.py:54] [Elastic EP Timer] wait_new_workers_init: 511.53ms (dp_rank=0)
(APIServer pid=1672552) (DPMoEEngineCoreActor pid=1673163) INFO 05-17 01:47:59 [elastic_state.py:54] [Elastic EP Timer] wait_new_workers_init: 511.58ms (dp_rank=0)
(APIServer pid=1672552) (DPMoEEngineCoreActor pid=1673163) INFO 05-17 01:47:59 [elastic_state.py:54] [Elastic EP Timer] wait_new_workers_init: 511.63ms (dp_rank=0)
(APIServer pid=1672552) (DPMoEEngineCoreActor pid=1673163) INFO 05-17 01:47:59 [elastic_state.py:54] [Elastic EP Timer] wait_new_workers_init: 511.69ms (dp_rank=0)
(APIServer pid=1672552) (DPMoEEngineCoreActor pid=1673163) INFO 05-17 01:47:59 [elastic_state.py:54] [Elastic EP Timer] wait_new_workers_init: 511.74ms (dp_rank=0)
(APIServer pid=1672552) (DPMoEEngineCoreActor pid=1673163) INFO 05-17 01:47:59 [elastic_state.py:54] [Elastic EP Timer] wait_new_workers_init: 511.79ms (dp_rank=0)
(APIServer pid=1672552) (DPMoEEngineCoreActor pid=1673163) INFO 05-17 01:47:59 [elastic_state.py:54] [Elastic EP Timer] wait_new_workers_init: 511.84ms (dp_rank=0)
(APIServer pid=1672552) (DPMoEEngineCoreActor pid=1673163) INFO 05-17 01:47:59 [elastic_state.py:54] [Elastic EP Timer] wait_new_workers_init: 511.90ms (dp_rank=0)
(APIServer pid=1672552) (DPMoEEngineCoreActor pid=1673163) INFO 05-17 01:47:59 [elastic_state.py:54] [Elastic EP Timer] wait_new_workers_init: 511.95ms (dp_rank=0)
(APIServer pid=1672552) (DPMoEEngineCoreActor pid=1673163) INFO 05-17 01:47:59 [elastic_state.py:54] [Elastic EP Timer] wait_new_workers_init: 512.00ms (dp_rank=0)
(APIServer pid=1672552) (DPMoEEngineCoreActor pid=1673163) INFO 05-17 01:47:59 [elastic_state.py:54] [Elastic EP Timer] wait_new_workers_init: 512.06ms (dp_rank=0)
(APIServer pid=1672552) (DPMoEEngineCoreActor pid=1673163) INFO 05-17 01:47:59 [elastic_state.py:54] [Elastic EP Timer] wait_new_workers_init: 512.11ms (dp_rank=0)
(APIServer pid=1672552) (DPMoEEngineCoreActor pid=1673163) INFO 05-17 01:47:59 [elastic_state.py:54] [Elastic EP Timer] wait_new_workers_init: 512.16ms (dp_rank=0)
(APIServer pid=1672552) (DPMoEEngineCoreActor pid=1673163) INFO 05-17 01:47:59 [elastic_state.py:54] [Elastic EP Timer] wait_new_workers_init: 512.22ms (dp_rank=0)
(APIServer pid=1672552) (DPMoEEngineCoreActor pid=1673163) INFO 05-17 01:47:59 [elastic_state.py:54] [Elastic EP Timer] wait_new_workers_init: 512.27ms (dp_rank=0)
(APIServer pid=1672552) (DPMoEEngineCoreActor pid=1673163) INFO 05-17 01:47:59 [elastic_state.py:54] [Elastic EP Timer] wait_new_workers_init: 512.32ms (dp_rank=0)
(APIServer pid=1672552) (RayWorkerWrapper pid=1680874) INFO 05-17 01:47:59 [gpu_model_runner.py:4870] Model loading took 9.32 GiB memory and 4.249587 seconds
(APIServer pid=1672552) (RayWorkerWrapper pid=1680874) INFO 05-17 01:47:59 [eplb_communicator.py:72] Initialized EPLB communicator: PyNcclEplbCommunicator.
(APIServer pid=1672552) (RayWorkerWrapper pid=1680873) INFO 05-17 01:47:59 [gpu_model_runner.py:4870] Model loading took 9.32 GiB memory and 4.385025 seconds
(APIServer pid=1672552) (RayWorkerWrapper pid=1680873) INFO 05-17 01:47:59 [eplb_communicator.py:72] Initialized EPLB communicator: PyNcclEplbCommunicator.
(APIServer pid=1672552) (RayWorkerWrapper pid=1680875) INFO 05-17 01:47:59 [gpu_model_runner.py:4870] Model loading took 9.32 GiB memory and 4.421613 seconds
(APIServer pid=1672552) (RayWorkerWrapper pid=1680875) INFO 05-17 01:47:59 [eplb_communicator.py:72] Initialized EPLB communicator: PyNcclEplbCommunicator.
(APIServer pid=1672552) (RayWorkerWrapper pid=1680872) INFO 05-17 01:47:59 [gpu_model_runner.py:4870] Model loading took 9.32 GiB memory and 4.390247 seconds
(APIServer pid=1672552) (RayWorkerWrapper pid=1680872) INFO 05-17 01:47:59 [eplb_communicator.py:72] Initialized EPLB communicator: PyNcclEplbCommunicator.
(APIServer pid=1672552) (DPMoEEngineCoreActor pid=1673163) INFO 05-17 01:47:59 [elastic_state.py:54] [Elastic EP Timer] wait_new_workers_init: 512.37ms (dp_rank=0)
(APIServer pid=1672552) (DPMoEEngineCoreActor pid=1673163) INFO 05-17 01:47:59 [elastic_state.py:54] [Elastic EP Timer] wait_new_workers_init: 512.43ms (dp_rank=0)
(APIServer pid=1672552) (DPMoEEngineCoreActor pid=1673163) INFO 05-17 01:47:59 [elastic_state.py:54] [Elastic EP Timer] wait_new_workers_init: 512.48ms (dp_rank=0)
(APIServer pid=1672552) (DPMoEEngineCoreActor pid=1673163) INFO 05-17 01:47:59 [elastic_state.py:54] [Elastic EP Timer] wait_new_workers_init: 512.53ms (dp_rank=0)
(APIServer pid=1672552) (DPMoEEngineCoreActor pid=1673163) INFO 05-17 01:47:59 [elastic_state.py:54] [Elastic EP Timer] wait_new_workers_init: 512.58ms (dp_rank=0)
(APIServer pid=1672552) (DPMoEEngineCoreActor pid=1673163) INFO 05-17 01:47:59 [elastic_state.py:54] [Elastic EP Timer] wait_new_workers_init: 512.65ms (dp_rank=0)
(APIServer pid=1672552) (DPMoEEngineCoreActor pid=1673163) INFO 05-17 01:47:59 [elastic_state.py:54] [Elastic EP Timer] wait_new_workers_init: 512.70ms (dp_rank=0)
(APIServer pid=1672552) (DPMoEEngineCoreActor pid=1673163) INFO 05-17 01:47:59 [elastic_state.py:54] [Elastic EP Timer] wait_new_workers_init: 512.76ms (dp_rank=0)
(APIServer pid=1672552) (DPMoEEngineCoreActor pid=1673163) INFO 05-17 01:47:59 [elastic_state.py:54] [Elastic EP Timer] wait_new_workers_init: 512.81ms (dp_rank=0)
(APIServer pid=1672552) (DPMoEEngineCoreActor pid=1673163) INFO 05-17 01:47:59 [elastic_state.py:54] [Elastic EP Timer] wait_new_workers_init: 512.86ms (dp_rank=0)
(APIServer pid=1672552) (DPMoEEngineCoreActor pid=1673163) INFO 05-17 01:47:59 [elastic_state.py:54] [Elastic EP Timer] wait_new_workers_init: 512.92ms (dp_rank=0)
(APIServer pid=1672552) (DPMoEEngineCoreActor pid=1673163) INFO 05-17 01:47:59 [elastic_state.py:54] [Elastic EP Timer] wait_new_workers_init: 512.97ms (dp_rank=0)
(APIServer pid=1672552) (DPMoEEngineCoreActor pid=1673163) INFO 05-17 01:47:59 [elastic_state.py:54] [Elastic EP Timer] wait_new_workers_init: 513.02ms (dp_rank=0)
(APIServer pid=1672552) (DPMoEEngineCoreActor pid=1673163) INFO 05-17 01:47:59 [elastic_state.py:54] [Elastic EP Timer] wait_new_workers_init: 513.08ms (dp_rank=0)
(APIServer pid=1672552) (DPMoEEngineCoreActor pid=1673163) INFO 05-17 01:47:59 [elastic_state.py:54] [Elastic EP Timer] wait_new_workers_init: 513.13ms (dp_rank=0)
(APIServer pid=1672552) (DPMoEEngineCoreActor pid=1673163) INFO 05-17 01:47:59 [elastic_state.py:54] [Elastic EP Timer] wait_new_workers_init: 513.18ms (dp_rank=0)
(APIServer pid=1672552) (DPMoEEngineCoreActor pid=1673163) INFO 05-17 01:47:59 [elastic_state.py:54] [Elastic EP Timer] wait_new_workers_init: 513.24ms (dp_rank=0)
(APIServer pid=1672552) (DPMoEEngineCoreActor pid=1673163) INFO 05-17 01:47:59 [elastic_state.py:54] [Elastic EP Timer] wait_new_workers_init: 513.29ms (dp_rank=0)
(APIServer pid=1672552) (DPMoEEngineCoreActor pid=1673163) INFO 05-17 01:47:59 [elastic_state.py:54] [Elastic EP Timer] wait_new_workers_init: 513.35ms (dp_rank=0)
(APIServer pid=1672552) (DPMoEEngineCoreActor pid=1673163) INFO 05-17 01:47:59 [elastic_state.py:54] [Elastic EP Timer] wait_new_workers_init: 513.40ms (dp_rank=0)
(APIServer pid=1672552) (DPMoEEngineCoreActor pid=1673163) INFO 05-17 01:47:59 [elastic_state.py:54] [Elastic EP Timer] wait_new_workers_init: 513.45ms (dp_rank=0)
(APIServer pid=1672552) (DPMoEEngineCoreActor pid=1673163) INFO 05-17 01:47:59 [elastic_state.py:54] [Elastic EP Timer] wait_new_workers_init: 513.51ms (dp_rank=0)
(APIServer pid=1672552) (DPMoEEngineCoreActor pid=1673163) INFO 05-17 01:47:59 [elastic_state.py:54] [Elastic EP Timer] wait_new_workers_init: 513.57ms (dp_rank=0)
(APIServer pid=1672552) (DPMoEEngineCoreActor pid=1673163) INFO 05-17 01:47:59 [elastic_state.py:54] [Elastic EP Timer] wait_new_workers_init: 513.62ms (dp_rank=0)
(APIServer pid=1672552) (DPMoEEngineCoreActor pid=1673163) INFO 05-17 01:47:59 [elastic_state.py:54] [Elastic EP Timer] wait_new_workers_init: 513.68ms (dp_rank=0)
(APIServer pid=1672552) (DPMoEEngineCoreActor pid=1673163) INFO 05-17 01:47:59 [elastic_state.py:54] [Elastic EP Timer] wait_new_workers_init: 513.73ms (dp_rank=0)
(APIServer pid=1672552) (DPMoEEngineCoreActor pid=1673163) INFO 05-17 01:47:59 [elastic_state.py:54] [Elastic EP Timer] wait_new_workers_init: 513.79ms (dp_rank=0)
(APIServer pid=1672552) (DPMoEEngineCoreActor pid=1673163) INFO 05-17 01:47:59 [elastic_state.py:54] [Elastic EP Timer] wait_new_workers_init: 513.84ms (dp_rank=0)
(APIServer pid=1672552) (DPMoEEngineCoreActor pid=1673163) INFO 05-17 01:47:59 [elastic_state.py:54] [Elastic EP Timer] wait_new_workers_init: 513.89ms (dp_rank=0)
(APIServer pid=1672552) (DPMoEEngineCoreActor pid=1673163) INFO 05-17 01:47:59 [elastic_state.py:54] [Elastic EP Timer] wait_new_workers_init: 513.95ms (dp_rank=0)
(APIServer pid=1672552) (DPMoEEngineCoreActor pid=1673163) INFO 05-17 01:47:59 [elastic_state.py:54] [Elastic EP Timer] wait_new_workers_init: 514.01ms (dp_rank=0)
(APIServer pid=1672552) (DPMoEEngineCoreActor pid=1673163) INFO 05-17 01:47:59 [elastic_state.py:54] [Elastic EP Timer] wait_new_workers_init: 514.06ms (dp_rank=0)
(APIServer pid=1672552) (DPMoEEngineCoreActor pid=1673163) INFO 05-17 01:47:59 [elastic_state.py:54] [Elastic EP Timer] wait_new_workers_init: 514.11ms (dp_rank=0)
(APIServer pid=1672552) (DPMoEEngineCoreActor pid=1673163) INFO 05-17 01:47:59 [elastic_state.py:54] [Elastic EP Timer] wait_new_workers_init: 514.17ms (dp_rank=0)
(APIServer pid=1672552) (DPMoEEngineCoreActor pid=1673163) INFO 05-17 01:47:59 [elastic_state.py:54] [Elastic EP Timer] wait_new_workers_init: 514.22ms (dp_rank=0)
(APIServer pid=1672552) (DPMoEEngineCoreActor pid=1673163) INFO 05-17 01:47:59 [elastic_state.py:54] [Elastic EP Timer] wait_new_workers_init: 514.27ms (dp_rank=0)
(APIServer pid=1672552) (DPMoEEngineCoreActor pid=1673163) INFO 05-17 01:47:59 [elastic_state.py:54] [Elastic EP Timer] wait_new_workers_init: 514.33ms (dp_rank=0)
(APIServer pid=1672552) (DPMoEEngineCoreActor pid=1673163) INFO 05-17 01:47:59 [elastic_state.py:54] [Elastic EP Timer] wait_new_workers_init: 514.39ms (dp_rank=0)
(APIServer pid=1672552) (DPMoEEngineCoreActor pid=1673163) INFO 05-17 01:47:59 [elastic_state.py:54] [Elastic EP Timer] wait_new_workers_init: 514.45ms (dp_rank=0)
(APIServer pid=1672552) (DPMoEEngineCoreActor pid=1673163) INFO 05-17 01:47:59 [elastic_state.py:54] [Elastic EP Timer] wait_new_workers_init: 514.50ms (dp_rank=0)
(APIServer pid=1672552) (DPMoEEngineCoreActor pid=1673163) INFO 05-17 01:47:59 [elastic_state.py:54] [Elastic EP Timer] wait_new_workers_init: 514.57ms (dp_rank=0)
(APIServer pid=1672552) (DPMoEEngineCoreActor pid=1673165) INFO 05-17 01:47:59 [elastic_state.py:54] [Elastic EP Timer] wait_new_workers_init: 512.61ms (dp_rank=2)
(APIServer pid=1672552) (DPMoEEngineCoreActor pid=1673164) INFO 05-17 01:47:59 [elastic_state.py:54] [Elastic EP Timer] wait_new_workers_init: 515.12ms (dp_rank=1)
(APIServer pid=1672552) (DPMoEEngineCoreActor pid=1673166) INFO 05-17 01:47:59 [elastic_state.py:54] [Elastic EP Timer] wait_new_workers_init: 514.64ms (dp_rank=3)
(APIServer pid=1672552) (DPMoEEngineCoreActor pid=1673163) INFO 05-17 01:47:59 [elastic_state.py:54] [Elastic EP Timer] transfer_weights: 623.09ms (dp_rank=0)
(APIServer pid=1672552) (DPMoEEngineCoreActor pid=1673163) INFO 05-17 01:47:59 [elastic_state.py:547] [Elastic EP] Transferred weights to new workers
(APIServer pid=1672552) (DPMoEEngineCoreActor pid=1673163) INFO 05-17 01:47:59 [elastic_state.py:54] [Elastic EP Timer] sync_kv_cache_memory_size: 98.85ms (dp_rank=0)
(APIServer pid=1672552) (DPMoEEngineCoreActor pid=1673163) INFO 05-17 01:47:59 [elastic_state.py:569] [Elastic EP] Synced KV cache memory size to new workers
(APIServer pid=1672552) (DPMoEEngineCoreActor pid=1673165) INFO 05-17 01:47:59 [elastic_state.py:54] [Elastic EP Timer] transfer_weights: 706.92ms (dp_rank=2)
(APIServer pid=1672552) (DPMoEEngineCoreActor pid=1673165) INFO 05-17 01:47:59 [elastic_state.py:54] [Elastic EP Timer] sync_kv_cache_memory_size: 15.24ms (dp_rank=2)
(APIServer pid=1672552) (DPMoEEngineCoreActor pid=1673164) INFO 05-17 01:47:59 [elastic_state.py:54] [Elastic EP Timer] transfer_weights: 649.17ms (dp_rank=1)
(APIServer pid=1672552) (DPMoEEngineCoreActor pid=1673164) INFO 05-17 01:47:59 [elastic_state.py:54] [Elastic EP Timer] sync_kv_cache_memory_size: 73.03ms (dp_rank=1)
(APIServer pid=1672552) (DPMoEEngineCoreActor pid=1673166) INFO 05-17 01:47:59 [elastic_state.py:54] [Elastic EP Timer] transfer_weights: 721.19ms (dp_rank=3)
(APIServer pid=1672552) (DPMoEEngineCoreActor pid=1673166) INFO 05-17 01:47:59 [elastic_state.py:54] [Elastic EP Timer] sync_kv_cache_memory_size: 0.88ms (dp_rank=3)
(APIServer pid=1672552) (DPMoEEngineCoreActor pid=1680368) INFO 05-17 01:47:59 [kv_cache_utils.py:1337] GPU KV cache size: 1,685,792 tokens
(APIServer pid=1672552) (DPMoEEngineCoreActor pid=1680368) INFO 05-17 01:47:59 [kv_cache_utils.py:1342] Maximum concurrency for 4,096 tokens per request: 411.57x
(APIServer pid=1672552) (DPMoEEngineCoreActor pid=1680369) INFO 05-17 01:47:59 [kv_cache_utils.py:1337] GPU KV cache size: 1,685,792 tokens
(APIServer pid=1672552) (DPMoEEngineCoreActor pid=1680369) INFO 05-17 01:47:59 [kv_cache_utils.py:1342] Maximum concurrency for 4,096 tokens per request: 411.57x
(APIServer pid=1672552) (DPMoEEngineCoreActor pid=1680371) INFO 05-17 01:47:59 [kv_cache_utils.py:1337] GPU KV cache size: 1,685,792 tokens
(APIServer pid=1672552) (DPMoEEngineCoreActor pid=1680371) INFO 05-17 01:47:59 [kv_cache_utils.py:1342] Maximum concurrency for 4,096 tokens per request: 411.57x
(APIServer pid=1672552) (DPMoEEngineCoreActor pid=1680370) INFO 05-17 01:47:59 [kv_cache_utils.py:1337] GPU KV cache size: 1,685,792 tokens
(APIServer pid=1672552) (DPMoEEngineCoreActor pid=1680370) INFO 05-17 01:47:59 [kv_cache_utils.py:1342] Maximum concurrency for 4,096 tokens per request: 411.57x
(APIServer pid=1672552) (RayWorkerWrapper pid=1680873) 2026-05-17 01:48:00,025 - INFO - autotuner.py:446 - flashinfer.jit: [Autotuner]: Autotuning process starts ...
(APIServer pid=1672552) (RayWorkerWrapper pid=1680874) 2026-05-17 01:48:00,038 - INFO - autotuner.py:446 - flashinfer.jit: [Autotuner]: Autotuning process starts ...
(APIServer pid=1672552) (RayWorkerWrapper pid=1680875) 2026-05-17 01:48:00,026 - INFO - autotuner.py:446 - flashinfer.jit: [Autotuner]: Autotuning process starts ...
(APIServer pid=1672552) (RayWorkerWrapper pid=1680872) 2026-05-17 01:48:00,033 - INFO - autotuner.py:446 - flashinfer.jit: [Autotuner]: Autotuning process starts ...
(APIServer pid=1672552) (RayWorkerWrapper pid=1673567) 2026-05-17 01:48:02,346 - INFO - autotuner.py:446 - flashinfer.jit: [Autotuner]: Autotuning process starts ...
(APIServer pid=1672552) (RayWorkerWrapper pid=1673567) INFO 05-17 01:48:02 [eplb_communicator.py:72] Initialized EPLB communicator: PyNcclEplbCommunicator.
(APIServer pid=1672552) (RayWorkerWrapper pid=1673569) INFO 05-17 01:48:02 [eplb_communicator.py:72] Initialized EPLB communicator: PyNcclEplbCommunicator.
(APIServer pid=1672552) (RayWorkerWrapper pid=1673569) 2026-05-17 01:48:02,325 - INFO - autotuner.py:446 - flashinfer.jit: [Autotuner]: Autotuning process starts ...
(APIServer pid=1672552) (RayWorkerWrapper pid=1673568) INFO 05-17 01:48:02 [eplb_communicator.py:72] Initialized EPLB communicator: PyNcclEplbCommunicator.
(APIServer pid=1672552) (RayWorkerWrapper pid=1673568) 2026-05-17 01:48:02,356 - INFO - autotuner.py:446 - flashinfer.jit: [Autotuner]: Autotuning process starts ...
(APIServer pid=1672552) (RayWorkerWrapper pid=1673566) INFO 05-17 01:48:02 [eplb_communicator.py:72] Initialized EPLB communicator: PyNcclEplbCommunicator.
(APIServer pid=1672552) (RayWorkerWrapper pid=1673566) 2026-05-17 01:48:02,406 - INFO - autotuner.py:446 - flashinfer.jit: [Autotuner]: Autotuning process starts ...
(APIServer pid=1672552) (RayWorkerWrapper pid=1673566) INFO 05-17 01:48:07 [backends.py:1069] Using cache directory: /data/cache/vllm/torch_compile_cache/a1edf192be/rank_0_1/backbone for vLLM's torch.compile
(APIServer pid=1672552) (RayWorkerWrapper pid=1673566) INFO 05-17 01:48:07 [backends.py:1128] Dynamo bytecode transform time: 3.76 s
(APIServer pid=1672552) (RayWorkerWrapper pid=1673567) INFO 05-17 01:48:07 [backends.py:1069] Using cache directory: /data/cache/vllm/torch_compile_cache/a1edf192be/rank_0_0/backbone for vLLM's torch.compile
(APIServer pid=1672552) (RayWorkerWrapper pid=1673567) INFO 05-17 01:48:07 [backends.py:1128] Dynamo bytecode transform time: 3.79 s
(APIServer pid=1672552) (RayWorkerWrapper pid=1673569) INFO 05-17 01:48:07 [backends.py:1069] Using cache directory: /data/cache/vllm/torch_compile_cache/a1edf192be/rank_0_3/backbone for vLLM's torch.compile
(APIServer pid=1672552) (RayWorkerWrapper pid=1673569) INFO 05-17 01:48:07 [backends.py:1128] Dynamo bytecode transform time: 3.82 s
(APIServer pid=1672552) (RayWorkerWrapper pid=1673568) INFO 05-17 01:48:07 [backends.py:1069] Using cache directory: /data/cache/vllm/torch_compile_cache/a1edf192be/rank_0_2/backbone for vLLM's torch.compile
(APIServer pid=1672552) (RayWorkerWrapper pid=1673568) INFO 05-17 01:48:07 [backends.py:1128] Dynamo bytecode transform time: 3.86 s
(APIServer pid=1672552) (RayWorkerWrapper pid=1680874) INFO 05-17 01:48:08 [backends.py:1069] Using cache directory: /data/cache/vllm/torch_compile_cache/eba31efab9/rank_0_7/backbone for vLLM's torch.compile
(APIServer pid=1672552) (RayWorkerWrapper pid=1680874) INFO 05-17 01:48:08 [backends.py:1128] Dynamo bytecode transform time: 4.42 s
(APIServer pid=1672552) (RayWorkerWrapper pid=1680872) INFO 05-17 01:48:08 [backends.py:1069] Using cache directory: /data/cache/vllm/torch_compile_cache/eba31efab9/rank_0_5/backbone for vLLM's torch.compile
(APIServer pid=1672552) (RayWorkerWrapper pid=1680872) INFO 05-17 01:48:08 [backends.py:1128] Dynamo bytecode transform time: 4.57 s
(APIServer pid=1672552) (RayWorkerWrapper pid=1680873) INFO 05-17 01:48:08 [backends.py:1069] Using cache directory: /data/cache/vllm/torch_compile_cache/eba31efab9/rank_0_6/backbone for vLLM's torch.compile
(APIServer pid=1672552) (RayWorkerWrapper pid=1680873) INFO 05-17 01:48:08 [backends.py:1128] Dynamo bytecode transform time: 4.62 s
(APIServer pid=1672552) (RayWorkerWrapper pid=1680875) INFO 05-17 01:48:08 [backends.py:1069] Using cache directory: /data/cache/vllm/torch_compile_cache/eba31efab9/rank_0_4/backbone for vLLM's torch.compile
(APIServer pid=1672552) (RayWorkerWrapper pid=1680875) INFO 05-17 01:48:08 [backends.py:1128] Dynamo bytecode transform time: 4.63 s
(APIServer pid=1672552) (RayWorkerWrapper pid=1680874) INFO 05-17 01:48:11 [backends.py:376] Cache the graph of compile range (1, 256) for later use
(APIServer pid=1672552) (RayWorkerWrapper pid=1680873) INFO 05-17 01:48:11 [backends.py:376] Cache the graph of compile range (1, 256) for later use
(APIServer pid=1672552) (RayWorkerWrapper pid=1680872) INFO 05-17 01:48:11 [backends.py:376] Cache the graph of compile range (1, 256) for later use
(APIServer pid=1672552) (RayWorkerWrapper pid=1680875) INFO 05-17 01:48:11 [backends.py:376] Cache the graph of compile range (1, 256) for later use
(APIServer pid=1672552) (RayWorkerWrapper pid=1673567) INFO 05-17 01:48:11 [backends.py:391] Compiling a graph for compile range (1, 256) takes 3.92 s
(APIServer pid=1672552) (RayWorkerWrapper pid=1673569) INFO 05-17 01:48:11 [backends.py:391] Compiling a graph for compile range (1, 256) takes 3.89 s
(APIServer pid=1672552) (RayWorkerWrapper pid=1673568) INFO 05-17 01:48:11 [backends.py:391] Compiling a graph for compile range (1, 256) takes 3.87 s
(APIServer pid=1672552) (RayWorkerWrapper pid=1673566) INFO 05-17 01:48:11 [backends.py:391] Compiling a graph for compile range (1, 256) takes 3.93 s
(APIServer pid=1672552) (RayWorkerWrapper pid=1673567) INFO 05-17 01:48:14 [decorators.py:668] saved AOT compiled function to /data/cache/vllm/torch_compile_cache/torch_aot_compile/690ae33266503b2f0ec1035bc3e3c84b955d404b0144c6b8d3a198ecf00a0c67/rank_0_0/model
(APIServer pid=1672552) (RayWorkerWrapper pid=1673567) INFO 05-17 01:48:14 [monitor.py:53] torch.compile took 10.27 s in total
(APIServer pid=1672552) (RayWorkerWrapper pid=1673569) INFO 05-17 01:48:14 [decorators.py:668] saved AOT compiled function to /data/cache/vllm/torch_compile_cache/torch_aot_compile/690ae33266503b2f0ec1035bc3e3c84b955d404b0144c6b8d3a198ecf00a0c67/rank_0_3/model
(APIServer pid=1672552) (RayWorkerWrapper pid=1673569) INFO 05-17 01:48:14 [monitor.py:53] torch.compile took 10.27 s in total
(APIServer pid=1672552) (RayWorkerWrapper pid=1673568) INFO 05-17 01:48:14 [decorators.py:668] saved AOT compiled function to /data/cache/vllm/torch_compile_cache/torch_aot_compile/690ae33266503b2f0ec1035bc3e3c84b955d404b0144c6b8d3a198ecf00a0c67/rank_0_2/model
(APIServer pid=1672552) (RayWorkerWrapper pid=1673568) INFO 05-17 01:48:14 [monitor.py:53] torch.compile took 10.33 s in total
(APIServer pid=1672552) (RayWorkerWrapper pid=1673566) INFO 05-17 01:48:14 [decorators.py:668] saved AOT compiled function to /data/cache/vllm/torch_compile_cache/torch_aot_compile/690ae33266503b2f0ec1035bc3e3c84b955d404b0144c6b8d3a198ecf00a0c67/rank_0_1/model
(APIServer pid=1672552) (RayWorkerWrapper pid=1673566) INFO 05-17 01:48:14 [monitor.py:53] torch.compile took 10.26 s in total
(APIServer pid=1672552) (RayWorkerWrapper pid=1673569) /usr/local/lib/python3.10/dist-packages/torch/_inductor/lowering.py:7836: UserWarning: 
(APIServer pid=1672552) (RayWorkerWrapper pid=1673569) Online softmax is disabled on the fly since Inductor decides to
(APIServer pid=1672552) (RayWorkerWrapper pid=1673569) split the reduction. Cut an issue to PyTorch if this is an
(APIServer pid=1672552) (RayWorkerWrapper pid=1673569) important use case and you want to speed it up with online
(APIServer pid=1672552) (RayWorkerWrapper pid=1673569) softmax.
(APIServer pid=1672552) (RayWorkerWrapper pid=1673569) 
(APIServer pid=1672552) (RayWorkerWrapper pid=1673569)   warnings.warn(
(APIServer pid=1672552) (RayWorkerWrapper pid=1673567) /usr/local/lib/python3.10/dist-packages/torch/_inductor/lowering.py:7836: UserWarning: 
(APIServer pid=1672552) (RayWorkerWrapper pid=1673567) Online softmax is disabled on the fly since Inductor decides to
(APIServer pid=1672552) (RayWorkerWrapper pid=1673567) split the reduction. Cut an issue to PyTorch if this is an
(APIServer pid=1672552) (RayWorkerWrapper pid=1673567) important use case and you want to speed it up with online
(APIServer pid=1672552) (RayWorkerWrapper pid=1673567) softmax.
(APIServer pid=1672552) (RayWorkerWrapper pid=1673567) 
(APIServer pid=1672552) (RayWorkerWrapper pid=1673567)   warnings.warn(
(APIServer pid=1672552) (RayWorkerWrapper pid=1673568) /usr/local/lib/python3.10/dist-packages/torch/_inductor/lowering.py:7836: UserWarning: 
(APIServer pid=1672552) (RayWorkerWrapper pid=1673568) Online softmax is disabled on the fly since Inductor decides to
(APIServer pid=1672552) (RayWorkerWrapper pid=1673568) split the reduction. Cut an issue to PyTorch if this is an
(APIServer pid=1672552) (RayWorkerWrapper pid=1673568) important use case and you want to speed it up with online
(APIServer pid=1672552) (RayWorkerWrapper pid=1673568) softmax.
(APIServer pid=1672552) (RayWorkerWrapper pid=1673568) 
(APIServer pid=1672552) (RayWorkerWrapper pid=1673568)   warnings.warn(
(APIServer pid=1672552) (RayWorkerWrapper pid=1673566) /usr/local/lib/python3.10/dist-packages/torch/_inductor/lowering.py:7836: UserWarning: 
(APIServer pid=1672552) (RayWorkerWrapper pid=1673566) Online softmax is disabled on the fly since Inductor decides to
(APIServer pid=1672552) (RayWorkerWrapper pid=1673566) split the reduction. Cut an issue to PyTorch if this is an
(APIServer pid=1672552) (RayWorkerWrapper pid=1673566) important use case and you want to speed it up with online
(APIServer pid=1672552) (RayWorkerWrapper pid=1673566) softmax.
(APIServer pid=1672552) (RayWorkerWrapper pid=1673566) 
(APIServer pid=1672552) (RayWorkerWrapper pid=1673566)   warnings.warn(
(APIServer pid=1672552) (RayWorkerWrapper pid=1673568) INFO 05-17 01:48:15 [monitor.py:81] Initial profiling/warmup run took 1.12 s
(APIServer pid=1672552) (RayWorkerWrapper pid=1673568) 2026-05-17 01:48:15,481 - INFO - autotuner.py:455 - flashinfer.jit: [Autotuner]: Autotuning process ends
(APIServer pid=1672552) (RayWorkerWrapper pid=1680874) INFO 05-17 01:48:15 [backends.py:391] Compiling a graph for compile range (1, 256) takes 7.00 s
(APIServer pid=1672552) (RayWorkerWrapper pid=1680873) INFO 05-17 01:48:15 [backends.py:391] Compiling a graph for compile range (1, 256) takes 6.88 s
(APIServer pid=1672552) (RayWorkerWrapper pid=1680875) INFO 05-17 01:48:15 [backends.py:391] Compiling a graph for compile range (1, 256) takes 6.81 s
(APIServer pid=1672552) (RayWorkerWrapper pid=1680872) INFO 05-17 01:48:15 [backends.py:391] Compiling a graph for compile range (1, 256) takes 6.90 s
(APIServer pid=1672552) (RayWorkerWrapper pid=1673567) 2026-05-17 01:48:15,768 - INFO - autotuner.py:455 - flashinfer.jit: [Autotuner]: Autotuning process ends
(APIServer pid=1672552) (RayWorkerWrapper pid=1673567) INFO 05-17 01:48:15 [monitor.py:81] Initial profiling/warmup run took 1.47 s
(APIServer pid=1672552) (RayWorkerWrapper pid=1680874) INFO 05-17 01:48:17 [decorators.py:668] saved AOT compiled function to /data/cache/vllm/torch_compile_cache/torch_aot_compile/0279cbce606a8deb7b9ad4f222ab6a9e356e6dffa5b8e54e5ef8b886da982543/rank_0_7/model
(APIServer pid=1672552) (RayWorkerWrapper pid=1680874) INFO 05-17 01:48:17 [monitor.py:53] torch.compile took 13.93 s in total
(APIServer pid=1672552) (RayWorkerWrapper pid=1680873) INFO 05-17 01:48:18 [decorators.py:668] saved AOT compiled function to /data/cache/vllm/torch_compile_cache/torch_aot_compile/0279cbce606a8deb7b9ad4f222ab6a9e356e6dffa5b8e54e5ef8b886da982543/rank_0_6/model
(APIServer pid=1672552) (RayWorkerWrapper pid=1680873) INFO 05-17 01:48:18 [monitor.py:53] torch.compile took 14.01 s in total
(APIServer pid=1672552) (RayWorkerWrapper pid=1680875) INFO 05-17 01:48:18 [decorators.py:668] saved AOT compiled function to /data/cache/vllm/torch_compile_cache/torch_aot_compile/0279cbce606a8deb7b9ad4f222ab6a9e356e6dffa5b8e54e5ef8b886da982543/rank_0_4/model
(APIServer pid=1672552) (RayWorkerWrapper pid=1680875) INFO 05-17 01:48:18 [monitor.py:53] torch.compile took 13.97 s in total
(APIServer pid=1672552) (RayWorkerWrapper pid=1680872) INFO 05-17 01:48:18 [decorators.py:668] saved AOT compiled function to /data/cache/vllm/torch_compile_cache/torch_aot_compile/0279cbce606a8deb7b9ad4f222ab6a9e356e6dffa5b8e54e5ef8b886da982543/rank_0_5/model
(APIServer pid=1672552) (RayWorkerWrapper pid=1680872) INFO 05-17 01:48:18 [monitor.py:53] torch.compile took 14.00 s in total
(APIServer pid=1672552) (RayWorkerWrapper pid=1680872) /usr/local/lib/python3.10/dist-packages/torch/_inductor/lowering.py:7836: UserWarning: 
(APIServer pid=1672552) (RayWorkerWrapper pid=1680872) Online softmax is disabled on the fly since Inductor decides to
(APIServer pid=1672552) (RayWorkerWrapper pid=1680872) split the reduction. Cut an issue to PyTorch if this is an
(APIServer pid=1672552) (RayWorkerWrapper pid=1680872) important use case and you want to speed it up with online
(APIServer pid=1672552) (RayWorkerWrapper pid=1680872) softmax.
(APIServer pid=1672552) (RayWorkerWrapper pid=1680872) 
(APIServer pid=1672552) (RayWorkerWrapper pid=1680872)   warnings.warn(
(APIServer pid=1672552) (RayWorkerWrapper pid=1680873) /usr/local/lib/python3.10/dist-packages/torch/_inductor/lowering.py:7836: UserWarning: 
(APIServer pid=1672552) (RayWorkerWrapper pid=1680873) Online softmax is disabled on the fly since Inductor decides to
(APIServer pid=1672552) (RayWorkerWrapper pid=1680873) split the reduction. Cut an issue to PyTorch if this is an
(APIServer pid=1672552) (RayWorkerWrapper pid=1680873) important use case and you want to speed it up with online
(APIServer pid=1672552) (RayWorkerWrapper pid=1680873) softmax.
(APIServer pid=1672552) (RayWorkerWrapper pid=1680873) 
(APIServer pid=1672552) (RayWorkerWrapper pid=1680873)   warnings.warn(
(APIServer pid=1672552) (RayWorkerWrapper pid=1680874) /usr/local/lib/python3.10/dist-packages/torch/_inductor/lowering.py:7836: UserWarning: 
(APIServer pid=1672552) (RayWorkerWrapper pid=1680874) Online softmax is disabled on the fly since Inductor decides to
(APIServer pid=1672552) (RayWorkerWrapper pid=1680874) split the reduction. Cut an issue to PyTorch if this is an
(APIServer pid=1672552) (RayWorkerWrapper pid=1680874) important use case and you want to speed it up with online
(APIServer pid=1672552) (RayWorkerWrapper pid=1680874) softmax.
(APIServer pid=1672552) (RayWorkerWrapper pid=1680874) 
(APIServer pid=1672552) (RayWorkerWrapper pid=1680874)   warnings.warn(
(APIServer pid=1672552) (RayWorkerWrapper pid=1680875) /usr/local/lib/python3.10/dist-packages/torch/_inductor/lowering.py:7836: UserWarning: 
(APIServer pid=1672552) (RayWorkerWrapper pid=1680875) Online softmax is disabled on the fly since Inductor decides to
(APIServer pid=1672552) (RayWorkerWrapper pid=1680875) split the reduction. Cut an issue to PyTorch if this is an
(APIServer pid=1672552) (RayWorkerWrapper pid=1680875) important use case and you want to speed it up with online
(APIServer pid=1672552) (RayWorkerWrapper pid=1680875) softmax.
(APIServer pid=1672552) (RayWorkerWrapper pid=1680875) 
(APIServer pid=1672552) (RayWorkerWrapper pid=1680875)   warnings.warn(
(APIServer pid=1672552) (RayWorkerWrapper pid=1680874) WARNING 05-17 01:48:21 [fused_moe.py:1091] Using default MoE config. Performance might be sub-optimal! Config file not found at /vllm/vllm/model_executor/layers/fused_moe/configs/E=16,N=1408,device_name=NVIDIA_H100_80GB_HBM3.json
(APIServer pid=1672552) (RayWorkerWrapper pid=1680873) WARNING 05-17 01:48:21 [fused_moe.py:1091] Using default MoE config. Performance might be sub-optimal! Config file not found at /vllm/vllm/model_executor/layers/fused_moe/configs/E=16,N=1408,device_name=NVIDIA_H100_80GB_HBM3.json
(APIServer pid=1672552) (RayWorkerWrapper pid=1680875) WARNING 05-17 01:48:21 [fused_moe.py:1091] Using default MoE config. Performance might be sub-optimal! Config file not found at /vllm/vllm/model_executor/layers/fused_moe/configs/E=16,N=1408,device_name=NVIDIA_H100_80GB_HBM3.json
(APIServer pid=1672552) (RayWorkerWrapper pid=1680872) WARNING 05-17 01:48:21 [fused_moe.py:1091] Using default MoE config. Performance might be sub-optimal! Config file not found at /vllm/vllm/model_executor/layers/fused_moe/configs/E=16,N=1408,device_name=NVIDIA_H100_80GB_HBM3.json
(APIServer pid=1672552) (RayWorkerWrapper pid=1673569) INFO 05-17 01:48:22 [monitor.py:81] Initial profiling/warmup run took 7.73 s
(APIServer pid=1672552) (RayWorkerWrapper pid=1673569) 2026-05-17 01:48:22,028 - INFO - autotuner.py:455 - flashinfer.jit: [Autotuner]: Autotuning process ends
(APIServer pid=1672552) (RayWorkerWrapper pid=1673566) INFO 05-17 01:48:22 [monitor.py:81] Initial profiling/warmup run took 7.73 s
(APIServer pid=1672552) (RayWorkerWrapper pid=1673566) 2026-05-17 01:48:22,027 - INFO - autotuner.py:455 - flashinfer.jit: [Autotuner]: Autotuning process ends
(APIServer pid=1672552) (RayWorkerWrapper pid=1680874) INFO 05-17 01:48:22 [monitor.py:81] Initial profiling/warmup run took 4.04 s
(APIServer pid=1672552) (RayWorkerWrapper pid=1680873) INFO 05-17 01:48:22 [monitor.py:81] Initial profiling/warmup run took 3.97 s
(APIServer pid=1672552) (RayWorkerWrapper pid=1680875) INFO 05-17 01:48:22 [monitor.py:81] Initial profiling/warmup run took 4.00 s
(APIServer pid=1672552) (RayWorkerWrapper pid=1680872) INFO 05-17 01:48:22 [monitor.py:81] Initial profiling/warmup run took 3.97 s
Capturing CUDA graphs (mixed prefill-decode, PIECEWISE):   0%|          | 0/35 [00:00<?, ?it/s]
(APIServer pid=1672552) (RayWorkerWrapper pid=1680873) 2026-05-17 01:48:22,122 - INFO - autotuner.py:455 - flashinfer.jit: [Autotuner]: Autotuning process ends
(APIServer pid=1672552) (RayWorkerWrapper pid=1680874) 2026-05-17 01:48:22,122 - INFO - autotuner.py:455 - flashinfer.jit: [Autotuner]: Autotuning process ends
(APIServer pid=1672552) (RayWorkerWrapper pid=1680875) 2026-05-17 01:48:22,122 - INFO - autotuner.py:455 - flashinfer.jit: [Autotuner]: Autotuning process ends
(APIServer pid=1672552) (RayWorkerWrapper pid=1680872) 2026-05-17 01:48:22,122 - INFO - autotuner.py:455 - flashinfer.jit: [Autotuner]: Autotuning process ends
Capturing CUDA graphs (mixed prefill-decode, PIECEWISE):   3%|▎         | 1/35 [00:00<00:21,  1.57it/s]
Capturing CUDA graphs (mixed prefill-decode, PIECEWISE):   6%|▌         | 2/35 [00:00<00:13,  2.43it/s]
Capturing CUDA graphs (mixed prefill-decode, PIECEWISE):   9%|▊         | 3/35 [00:01<00:11,  2.85it/s]
Capturing CUDA graphs (mixed prefill-decode, PIECEWISE):  11%|█▏        | 4/35 [00:01<00:09,  3.25it/s]
Capturing CUDA graphs (mixed prefill-decode, PIECEWISE):  14%|█▍        | 5/35 [00:01<00:08,  3.46it/s]
Capturing CUDA graphs (mixed prefill-decode, PIECEWISE):  17%|█▋        | 6/35 [00:01<00:07,  3.64it/s]
Capturing CUDA graphs (mixed prefill-decode, PIECEWISE):  20%|██        | 7/35 [00:02<00:07,  3.80it/s]
Capturing CUDA graphs (mixed prefill-decode, PIECEWISE):  23%|██▎       | 8/35 [00:02<00:06,  3.92it/s]
Capturing CUDA graphs (mixed prefill-decode, PIECEWISE):  26%|██▌       | 9/35 [00:02<00:06,  4.07it/s]
Capturing CUDA graphs (mixed prefill-decode, PIECEWISE):  29%|██▊       | 10/35 [00:02<00:05,  4.21it/s]
Capturing CUDA graphs (mixed prefill-decode, PIECEWISE):  31%|███▏      | 11/35 [00:03<00:05,  4.31it/s]
Captur):  34%|███▍      | 12/35 [00:03<00:05,  4.44it/s]
Capturing CUDA graphs (mixed prefill-decode, PIECEWISE):  37%|███▋      | 13/35 [00:03<00:04,  4.54it/s]
Capturing CUDA graphs (mixed prefill-decode, PIECEWISE):  40%|████      | 14/35 [00:03<00:04,  4.60it/s]
Capturing CUDA graphs (mixed prefill-decode, PIECEWISE):  43%|████▎     | 15/35 [00:03<00:04,  4.64it/s]
Capturing CUDA graphs (mixed prefill-decode, PIECEWISE):  46%|████▌     | 16/35 [00:04<00:04,  4.75it/s]
Capturing CUDA graphs (mixed prefill-decode, PIECEWISE):  49%|████▊     | 17/35 [00:04<00:03,  4.78it/s]
Capturing CUDA graphs (mixed prefill-decode, PIECEWISE):  51%|█████▏    | 18/35 [00:04<00:03,  4.91it/s]
Capturing CUDA graphs (mixed prefill-decode, PIECEWISE):  54%|█████▍    | 19/35 [00:04<00:03,  5.00it/s]
Capturing CUDA graphs (mixed prefill-decode, PIECEWISE):  57%|█████▋    | 20/35 [00:04<00:03,  4.99it/s]
Capturing CUDA graphs (mixed prefill-decode, PIECEWISE):  60%|██████    | 21/35 [00:05<00:02,  5.04it/s]
Capturing CUDA graphs (mixed prefill-decode, PIECEWISE):  63%|██████▎   | 22/35 [00:05<00:02,  5.20it/s]
Capturing CUDA graphs (mixed prefill-decode, PIECEWISE):  66%|██████▌   | 23/35 [00:05<00:02,  5.37it/s]
Capturing CUDA graphs (mixed prefill-decode, PIECEWISE):  69%|██████▊   | 24/35 [00:05<00:01,  5.55it/s]
Capturing CUDA graphs (mixed prefill-decode, PIECEWISE):  71%|███████▏  | 25/35 [00:05<00:01,  5.69it/s]
Capturing CUDA graphs (mixed prefill-decode, PIECEWISE):  74%|███████▍  | 26/35 [00:05<00:01,  5.86it/s]
Capturing CUDA graphs (mixed prefill-decode, PIECEWISE):  77%|███████▋  | 27/35 [00:06<00:01,  6.00it/s]
Capturing CUDA graphs (mixed prefill-decode, PIECEWISE):  80%|████████  | 28/35 [00:06<00:01,  6.16it/s]
Capturing CUDA graphs (mixed prefill-decode, PIECEWISE):  83%|████████▎ | 29/35 [00:06<00:00,  6.19it/s]
Capturing CUDA graphs (mixed prefill-decode, PIECEWISE):  86%|████████▌ | 30/35 [00:06<00:00,  6.27it/s]
Capturing CUDA graphs (mixed prefill-decode, PIECEWISE):  89%|████████▊ | 31/35 [00:06<00:00,  5.79it/s]
Capturing CUDA graphs (mixed prefill-decode, PIECEWISE):  91%|█████████▏| 32/35 [00:06<00:00,  5.68it/s]
Capturing CUDA graphs (mixed prefill-decode, PIECEWISE):  94%|█████████▍| 33/35 [00:07<00:00,  5.29it/s]
Capturing CUDA graphs (mixed prefill-decode, PIECEWISE):  97%|█████████▋| 34/35 [00:07<00:00,  5.72it/s]
(APIServer pid=1672552) (RayWorkerWrapper pid=1673567) /usr/local/lib/python3.10/dist-packages/torch/_inductor/lowering.py:7836: UserWarning: 
(APIServer pid=1672552) (RayWorkerWrapper pid=1673567) Online softmax is disabled on the fly since Inductor decides to
(APIServer pid=1672552) (RayWorkerWrapper pid=1673567) split the reduction. Cut an issue to PyTorch if this is an
(APIServer pid=1672552) (RayWorkerWrapper pid=1673567) important use case and you want to speed it up with online
(APIServer pid=1672552) (RayWorkerWrapper pid=1673567) softmax.
(APIServer pid=1672552) (RayWorkerWrapper pid=1673567) 
(APIServer pid=1672552) (RayWorkerWrapper pid=1673567)   warnings.warn(
(APIServer pid=1672552) (RayWorkerWrapper pid=1673569) /usr/local/lib/python3.10/dist-packages/torch/_inductor/lowering.py:7836: UserWarning: 
(APIServer pid=1672552) (RayWorkerWrapper pid=1673569) Online softmax is dis69) softmax.
(APIServer pid=1672552) (RayWorkerWrapper pid=1673569) 
(APIServer pid=1672552) (RayWorkerWrapper pid=1673569)   warnings.warn(
(APIServer pid=1672552) (RayWorkerWrapper pid=1673568) /usr/local/lib/python3.10/dist-packages/torch/_inductor/lowering.py:7836: UserWarning: 
(APIServer pid=1672552) (RayWorkerWrapper pid=1673568) Online softmax is disabled on the fly since Inductor decides to
(APIServer pid=1672552) (RayWorkerWrapper pid=1673568) split the reduction. Cut an issue to PyTorch if this is an
(APIServer pid=1672552) (RayWorkerWrapper pid=1673568) important use case and you want to speed it up with online
(APIServer pid=1672552) (RayWorkerWrapper pid=1673568) softmax.
(APIServer pid=1672552) (RayWorkerWrapper pid=1673568) 
(APIServer pid=1672552) (RayWorkerWrapper pid=1673568)   warnings.warn(
(APIServer pid=1672552) (RayWorkerWrapper pid=1673566) /usr/local/lib/python3.10/dist-packages/torch/_inductor/lowering.py:7836: UserWarning: 
(APIServer pid=1672552) (RayWorkerWrapper pid=1673566) Online softmax is disabled on the fly since Inductor decides to
(APIServer pid=1672552) (RayWorkerWrapper pid=1673566) split the reduction. Cut an issue to PyTorch if this is an
(APIServer pid=1672552) (RayWorkerWrapper pid=1673566) important use case and you want to speed it up with online
(APIServer pid=1672552) (RayWorkerWrapper pid=1673566) softmax.
(APIServer pid=1672552) (RayWorkerWrapper pid=1673566) 
(APIServer pid=1672552) (RayWorkerWrapper pid=1673566)   warnings.warn(
(APIServer pid=1672552) (RayWorkerWrapper pid=1680872) /usr/local/lib/python3.10/dist-packages/torch/_inductor/lowering.py:7836: UserWarning: 
(APIServer pid=1672552) (RayWorkerWrapper pid=1680872) Online softmax is disabled on the fly since Inductor decides to
(APIServer pid=1672552) (RayWorkerWrapper pid=1680872) split the reduction. Cut an issue to PyTorch if this is an
(APIServer pid=1672552) (RayWorkerWrapper pid=1680872) important use case and you want to speed it up with online
(APIServer pid=1672552) (RayWorkerWrapper pid=1680872) softmax.
(APIServer pid=1672552) (RayWorkerWrapper pid=1680872) 
(APIServer pid=1672552) (RayWorkerWrapper pid=1680872)   warnings.warn(
(APIServer pid=1672552) (RayWorkerWrapper pid=1680875) /usr/local/lib/python3.10/dist-packages/torch/_inductor/lowering.py:7836: UserWarning: 
(APIServer pid=1672552) (RayWorkerWrapper pid=1680875) Online softmax is disabled on the fly since Inductor decides to
(APIServer pid=1672552) (RayWorkerWrapper pid=1680875) split the reduction. Cut an issue to PyTorch if this is an
(APIServer pid=1672552) (RayWorkerWrapper pid=1680875) important use case and you want to speed it up with online
(APIServer pid=1672552) (RayWorkerWrapper pid=1680875) softmax.
(APIServer pid=1672552) (RayWorkerWrapper pid=1680875) 
(APIServer pid=1672552) (RayWorkerWrapper pid=1680875)   warnings.warn(
(APIServer pid=1672552) (RayWorkerWrapper pid=1680873) /usr/local/lib/python3.10/dist-packages/torch/_inductor/lowering.py:7836: UserWarning: 
(APIServer pid=1672552) (RayWorkerWrapper pid=1680873) Online softmax is disabled on the fly since Inductor decides to
(APIServer pid=1672552) (RayWorkerWrapper pid=1680873) split the reduction. Cut an issue to PyTorch if this is an
(APIServer pid=1672552) (RayWorkerWrapper pid=1680873) important use case and you want to speed it up with online
(APIServer pid=1672552) (RayWorkerWrapper pid=1680873) softmax.
(APIServer pid=1672552) (RayWorkerWrapper pid=1680873) 
(APIServer pid=1672552) (RayWorkerWrapper pid=1680873)   warnings.warn(
(APIServer pid=1672552) (RayWorkerWrapper pid=1680874) /usr/local/lib/python3.10/dist-packages/torch/_inductor/lowering.py:7836: UserWarning: 
(APIServer pid=1672552) (RayWorkerWrapper pid=1680874) Online softmax is disabled on the fly since Inductor decides to
(APIServer pid=1672552) (RayWorkerWrapper pid=1680874) split the reduction. Cut an issue to PyTorch if this is an
(APIServer pid=1672552) (RayWorkerWrapper pid=1680874) important use case and you want to speed it up with online
(APIServer pid=1672552) (RayWorkerWrapper pid=1680874) softmax.
(APIServer pid=1672552) (RayWorkerWrapper pid=1680874) 
(APIServer pid=1672552) (RayWorkerWrapper pid=1680874)   warnings.warn(
Capturing CUDA graphs (mixed prefill-decode, PIECEWISE): 100%|██████████| 35/35 [00:08<00:00,  4.17it/s]
Capturing CUDA graphs (decode, FULL):   0%|          | 0/35 [00:00<?, ?it/s]
Capturing CUDA graphs (decode, FULL):   3%|▎         | 1/35 [00:00<00:06,  4.90it/s]
Capturing CUDA graphs (decode, FULL):   6%|▌         | 2/35 [00:00<00:06,  5.27it/s]
Capturing CUDA graphs (decode, FULL):   9%|▊         | 3/35 [00:00<00:05,  5.43it/s]
Capturing CUDA graphs (decode, FULL):  11%|█▏        | 4/35 [00:00<00:05,  5.55it/s]
Capturing CUDA graphs (decode, FULL):  14%|█▍        | 5/35 [00:00<00:05,  5.58it/s]
Capturing CUDA graphs (decode, FULL):  17%|█▋        | 6/35 [00:01<00:05,  5.65it/s]
Capturing CUDA graphs (decode, FULL):  20%|██        | 7/35 [00:01<00:04,  5.66it/s]
Capturing CUDA graphs (decode, FULL):  23%|██▎       | 8/35 [00:01<00:04,  5.70it/s]
Capturing CUDA graphs (decode, FULL):  26%|██▌       | 9/35 [00:01<00:04,  5.94it/s]
Capturing CUDA graphs (decode, FULL):  29%|██▊       | 10/35 [00:01<00:04,  6.10it/s]
Capturing CUDA graphs (decode, FULL):  31%|███▏      | 11/35 [00:01<00:03,  6.24it/s]
Capturing CUDA graphs (decode, FULL):  34%|███▍      | 12/35 [00:02<00:03,  6.37it/s]
Capturing CUDA graphs (decode, FULL):  37%|███▋      | 13/35 [00:02<00:03,  6.45it/s]
Capturing CUDA graphs (decode, FULL):  40%|████      | 14/35 [00:02<00:03,  6.60it/s]
Capturing CUDA graphs (decode, FULL):  43%|████▎     | 15/35 [00:02<00:02,  6.71it/s]
Capturing CUDA graphs (decode, FULL):  46%|████▌     | 16/35 [00:02<00:02,  6.86it/s]
Capturing CUDA graphs (decode, FULL):  49%|████▊     | 17/35 [00:02<00:02,  7.10it/s]
Capturing CUDA graphs (decode, FULL):  51%|█████▏    | 18/35 [00:02<00:02,  7.30it/s]
Capturing CUDA graphs (decode, FULL):  54%|█████▍    | 19/35 [00:03<00:02,  7.40it/s]
Capturing CUDA graphs (decode, FULL):  57%|█████▋    | 20/35 [00:03<00:01,  7.57it/s]
Capturing CUDA graphs (decode, FULL):  60%|██████    | 21/35 [00:03<00:01,  7.82it/s]
Capturing CUDA graphs (decode, FULL):  63%|██████▎   | 22/35 [00:03<00:01,  8.10it/s]
Capturing CUDA graphs (decode, FULL):  66%|██████▌   | 23/35 [00:03<00:01,  8.37it/s]
Capturing CUDA graphs (decode, FULL):  69%|██████▊   | 24/35 [00:03<00:01,  8.68it/s]
Capturing CUDA graphs (decode, FULL):  74%|███████▍  | 26/35 [00:03<00:00,  9.56it/s]
Capturing CUDA graphs (decode, FULL):  80%|████████  | 28/35 [00:03<00:00, 10.05it/s]
Capturing CUDA graphs (decode, FULL):  86%|████████▌ | 30/35 [00:04<00:00, 10.36it/s]
Capturing CUDA graphs (decode, FULL):  91%|█████████▏| 32/35 [00:04<00:00, 10.52it/s]
Capturing CUDA graphs (decode, FULL):  97%|█████████ârkerWrapper pid=1673567) INFO 05-17 01:48:35 [gpu_model_runner.py:6124] Graph capturing finished in 20 secs, took 0.44 GiB
(APIServer pid=1672552) (RayWorkerWrapper pid=1673567) INFO 05-17 01:48:35 [gpu_worker.py:599] CUDA graph pool memory: 0.44 GiB (actual), 1.19 GiB (estimated), difference: 0.75 GiB (172.6%).
(APIServer pid=1672552) (RayWorkerWrapper pid=1673569) INFO 05-17 01:48:35 [gpu_model_runner.py:6124] Graph capturing finished in 13 secs, took 0.44 GiB
(APIServer pid=1672552) (RayWorkerWrapper pid=1673569) INFO 05-17 01:48:35 [gpu_worker.py:599] CUDA graph pool memory: 0.44 GiB (actual), 1.19 GiB (estimated), difference: 0.75 GiB (172.6%).
(APIServer pid=1672552) (RayWorkerWrapper pid=1673569) INFO 05-17 01:48:35 [elastic_execute.py:76] [Elastic EP Timer] --- switch_and_prepare breakdown (ep_rank=3) ---
(APIServer pid=1672552) (RayWorkerWrapper pid=1673569) INFO 05-17 01:48:35 [elastic_execute.py:80] [Elastic EP Timer]     release_cuda_graphs: 524.95ms (1.5%)
(APIServer pid=1672552) (RayWorkerWrapper pid=1673569) INFO 05-17 01:48:35 [elastic_execute.py:80] [Elastic EP Timer]     switch_to_standby_groups: 1817.02ms (5.1%)
(APIServer pid=1672552) (RayWorkerWrapper pid=1673569) INFO 05-17 01:48:35 [elastic_execute.py:80] [Elastic EP Timer]     reconfigure_moe_modules: 3.02ms (0.0%)
(APIServer pid=1672552) (RayWorkerWrapper pid=1673569) INFO 05-17 01:48:35 [elastic_execute.py:80] [Elastic EP Timer]     update_eplb_state: 1.64ms (0.0%)
(APIServer pid=1672552) (RayWorkerWrapper pid=1673569) INFO 05-17 01:48:35 [elastic_execute.py:80] [Elastic EP Timer]     set_eplb_state_and_metadata: 4.69ms (0.0%)
(APIServer pid=1672552) (RayWorkerWrapper pid=1673568) INFO 05-17 01:48:35 [gpu_model_runner.py:6124] Graph capturing finished in 20 secs, took 0.44 GiB
(APIServer pid=1672552) (RayWorkerWrapper pid=1673568) INFO 05-17 01:48:35 [gpu_worker.py:599] CUDA graph pool memory: 0.44 GiB (actual), 1.19 GiB (estimated), difference: 0.75 GiB (172.6%).
(APIServer pid=1672552) (RayWorkerWrapper pid=1673566) INFO 05-17 01:48:35 [gpu_model_runner.py:6124] Graph capturing finished in 13 secs, took 0.44 GiB
(APIServer pid=1672552) (RayWorkerWrapper pid=1673566) INFO 05-17 01:48:35 [gpu_worker.py:599] CUDA graph pool memory: 0.44 GiB (actual), 1.19 GiB (estimated), difference: 0.75 GiB (172.6%).
(APIServer pid=1672552) (RayWorkerWrapper pid=1673566) INFO 05-17 01:48:35 [elastic_execute.py:76] [Elastic EP Timer] --- switch_and_prepare breakdown (ep_rank=1) ---
(APIServer pid=1672552) (RayWorkerWrapper pid=1673566) INFO 05-17 01:48:35 [elastic_execute.py:80] [Elastic EP Timer]     release_cuda_graphs: 529.09ms (1.5%)
(APIServer pid=1672552) (RayWorkerWrapper pid=1673566) INFO 05-17 01:48:35 [elastic_execute.py:80] [Elastic EP Timer]     switch_to_standby_groups: 1893.26ms (5.3%)
(APIServer pid=1672552) (RayWorkerWrapper pid=1673566) INFO 05-17 01:48:35 [elastic_execute.py:80] [Elastic EP Timer]     reconfigure_moe_modules: 3.19ms (0.0%)
(APIServer pid=1672552) (RayWorkerWrapper pid=1673566) INFO 05-17 01:48:35 [elastic_execute.py:80] [Elastic EP Timer]     update_eplb_state: 1.56ms (0.0%)
(APIServer pid=1672552) (RayWorkerWrapper pid=1673566) INFO 05-17 01:48:35 [elastic_execute.py:80] [Elastic EP Timer]     set_eplb_state_and_metadata: 4.66ms (0.0%)
(APIServer pid=1672552) (RayWorkerWrapper pid=1673566) INFO 05-17 01:48:35 [elastic_execute.py:80] [Elastic EP Timer]     torch_compile: 0.00ms (0.0%)
(APIServer pid=1672552) (RayWorkerWrapper pid=1673566) INFO 05-17 01:48:35 [elastic_execute.py:80] [Elastic EP Timer]     save_block_tables: 0.16ms (0.0%)
(APIServer pid=1672552) (RayWorkerWrapper pid=1673566) INFO 05-17 01:48:35 [elastic_execute.py:80] [Elastic EP Timer]     compile_or_warm_up_model: 33176.57ms (93.2%)
(APIServer pid=1672552) (RayWorkerWrapper pid=1673566) INFO 05-17 01:48:35 [elastic_execute.py:80] [Elastic EP Timer]     restore_block_tables: 0.06ms (0.0%)
(APIServer pid=1672552) (RayWorkerWrapper pid=1673566) INFO 05-17 01:48:35 [elastic_execute.py:82] [Elastic EP Timer]     switch_and_prepare total: 35608.56ms
(APIServer pid=1672552) (RayWorkerWrapper pid=1680874) INFO 05-17 01:48:35 [gpu_model_runner.py:6124] Graph capturing finished in 13 secs, took 1.12 GiB
(APIServer pid=1672552) (RayWorkerWrapper pid=1680873) INFO 05-17 01:48:35 [gpu_model_runner.py:6124] Graph capturing finished in 13 secs, took 1.12 GiB
(APIServer pid=1672552) (RayWorkerWrapper pid=1680875) INFO 05-17 01:48:35 [gpu_model_runner.py:6124] Graph capturing finished in 13 secs, took 1.12 GiB
(APIServer pid=1672552) (DPMoEEngineCoreActor pid=1673163) INFO 05-17 01:48:35 [elastic_state.py:54] [Elastic EP Timer] switch_and_prepare.rpc: 35610.62ms (dp_rank=0)
(APIServer pid=1672552) (DPMoEEngineCoreActor pid=1673163) INFO 05-17 01:48:35 [elastic_state.py:54] [Elastic EP Timer] switch_and_prepare.destroy_old_group: 0.04ms (dp_rank=0)
(APIServer pid=1672552) (DPMoEEngineCoreActor pid=1673165) INFO 05-17 01:48:35 [elastic_state.py:54] [Elastic EP Timer] switch_and_prepare.rpc: 35611.08ms (dp_rank=2)
(APIServer pid=1672552) (DPMoEEngineCoreActor pid=1673165) INFO 05-17 01:48:35 [elastic_state.py:54] [Elastic EP Timer] switch_and_prepare.destroy_old_group: 0.05ms (dp_rank=2)
(APIServer pid=1672552) (DPMoEEngineCoreActor pid=1673164) INFO 05-17 01:48:35 [elastic_state.py:54] [Elastic EP Timer] switch_and_prepare.rpc: 35611.11ms (dp_rank=1)
(APIServer pid=1672552) (DPMoEEngineCoreActor pid=1673164) INFO 05-17 01:48:35 [elastic_state.py:54] [Elastic EP Timer] switch_and_prepare.destroy_old_group: 0.04ms (dp_rank=1)
(APIServer pid=1672552) (DPMoEEngineCoreActor pid=1673166) INFO 05-17 01:48:35 [elastic_state.py:54] [Elastic EP Timer] switch_and_prepare.rpc: 35610.70ms (dp_rank=3)
(APIServer pid=1672552) (DPMoEEngineCoreActor pid=1673166) INFO 05-17 01:48:35 [elastic_state.py:54] [Elastic EP Timer] switch_and_prepare.destroy_old_group: 0.08ms (dp_rank=3)
(APIServer pid=1672552) (RayWorkerWrapper pid=1673567) INFO 05-17 01:48:35 [elastic_execute.py:76] [Elastic EP Timer] --- switch_and_prepare breakdown (ep_rank=0) ---
(APIServer pid=1672552) (RayWorkerWrapper pid=1673567) INFO 05-17 01:48:35 [elastic_execute.py:80] [Elastic EP Timer]     release_cuda_graphs: 528.86ms (1.5%)
(APIServer pid=1672552) (RayWorkerWrapper pid=1673567) INFO 05-17 01:48:35 [elastic_execute.py:80] [Elastic EP Timer]     switch_to_standby_groups: 1833.40ms (5.1%)
(APIServer pid=1672552) (RayWorkerWrapper pid=1673567) INFO 05-17 01:48:35 [elastic_execute.py:80] [Elastic EP Timer]     reconfigure_moe_modules: 2.93ms (0.0%)
(APIServer pid=1672552) (RayWorkerWrapper pid=1673567) INFO 05-17 01:48:35 [elastic_execute.py:80] [Elastic EP Timer]     update_eplb_state: 1.64ms (0.0%)
(APIServer pid=1672552) (RayWorkerWrapper pid=1673567) INFO 05-17 01:48:35 [elastic_execute.py:80] [Elastic EP Timer]     set_eplb_state_and_metadata: 4.76ms (0.0%)
(APIServer pid=1672552) (RayWorkerWrapper pid=1673567) INFO 05-17 01:48:35 [elastic_execute.py:80] [Elastic EP Timer]     torch_compile: 0.00ms (0.0%)
(APIServer pid=1672552) (RayWorkerWrapper pid=1673567) INFO 05-17 01:48:35 [elastic_execute.py:80] [Elastic EP Timer]     save_block_tables: 0.17ms (0.0%)
(APIServer pid=1672552) (RayWorkerWrapper pid=1673567) INFO 05-17 01:48:35 [elastic_execute.py:80] [Elastic EP Timer]     compile_or_warm_up_model: 33236.80ms (93.3%)
(APIServer pid=1672552) (RayWorkerWrapper pid=1673567) INFO 05-17 01:48:35 [elastic_execute.py:80] [Elastic EP Timer]     restore_block_tables: 0.10ms (0.0%)
(APIServer pid=1672552) (RayWorkerWrapper pid=1673567) INFO 05-17 01:48:35 [elastic_execute.py:82] [Elastic EP Timer]     switch_and_prepare total: 35608.67ms
(APIServer pid=1672552) (RayWorkerWrapper pid=1673569) INFO 05-17 01:48:35 [elastic_execute.py:80] [Elastic EP Timer]     torch_compile: 0.00ms (0.0%)
(APIServer pid=1672552) (RayWorkerWrapper pid=1673569) INFO 05-17 01:48:35 [elastic_execute.py:80] [Elastic EP Timer]     save_block_tables: 0.13ms (0.0%)
(APIServer pid=1672552) (RayWorkerWrapper pid=1673569) INFO 05-17 01:48:35 [elastic_execute.py:80] [Elastic EP Timer]     compile_or_warm_up_model: 33257.23ms (93.4%)
(APIServer pid=1672552) (RayWorkerWrapper pid=1673569) INFO 05-17 01:48:35 [elastic_execute.py:80] [Elastic EP Timer]     restore_block_tables: 0.06ms (0.0%)
(APIServer pid=1672552) (RayWorkerWrapper pid=1673569) INFO 05-17 01:48:35 [elastic_execute.py:82] [Elastic EP Timer]     switch_and_prepare total: 35608.74ms
(APIServer pid=1672552) (RayWorkerWrapper pid=1673568) INFO 05-17 01:48:35 [elastic_execute.py:76] [Elastic EP Timer] --- switch_and_prepare breakdown (ep_rank=2) ---
(APIServer pid=1672552) (RayWorkerWrapper pid=1673568) INFO 05-17 01:48:35 [elastic_execute.py:80] [Elastic EP Timer]     release_cuda_graphs: 568.82ms (1.6%)
(APIServer pid=1672552) (RayWorkerWrapper pid=1673568) INFO 05-17 01:48:35 [elastic_execute.py:80] [Elastic EP Timer]     switch_to_standby_groups: 1803.41ms (5.1%)
(APIServer pid=1672552) (RayWorkerWrapper pid=1673568) INFO 05-17 01:48:35 [elastic_execute.py:80] [Elastic EP Timer]     reconfigure_moe_modules: 3.12ms (0.0%)
(APIServer pid=1672552) (RayWorkerWrapper pid=1673568) INFO 05-17 01:48:35 [elastic_execute.py:80] [Elastic EP Timer]     update_eplb_state: 1.68ms (0.0%)
(APIServer pid=1672552) (RayWorkerWrapper pid=1673568) INFO 05-17 01:48:35 [elastic_execute.py:80] [Elastic EP Timer]     set_eplb_state_and_metadata: 4.92ms (0.0%)
(APIServer pid=1672552) (RayWorkerWrapper pid=1673568) INFO 05-17 01:48:35 [elastic_execute.py:80] [Elastic EP Timer]     torch_compile: 0.01ms (0.0%)
(APIServer pid=1672552) (RayWorkerWrapper pid=1673568) INFO 05-17 01:48:35 [elastic_execute.py:80] [Elastic EP Timer]     save_block_tables: 0.19ms (0.0%)
(APIServer pid=1672552) (RayWorkerWrapper pid=1673568) INFO 05-17 01:48:35 [elastic_execute.py:80] [Elastic EP Timer]     compile_or_warm_up_model: 33226.84ms (93.3%)
(APIServer pid=1672552) (RayWorkerWrapper pid=1673568) INFO 05-17 01:48:35 [elastic_execute.py:80] [Elastic EP Timer]     restore_block_tables: 0.11ms (0.0%)
(APIServer pid=1672552) (RayWorkerWrapper pid=1673568) INFO 05-17 01:48:35 [elastic_execute.py:82] [Elastic EP Timer]     switch_and_prepare total: 35609.11ms
(APIServer pid=1672552) (DPMoEEngineCoreActor pid=1680368) INFO 05-17 01:48:40 [core.py:299] init engine (profile, create kv cache, warmup model) took 40.47 s (compilation: 13.97 s)
(APIServer pid=1672552) (DPMoEEngineCoreActor pid=1680369) INFO 05-17 01:48:40 [core.py:299] init engine (profile, create kv cache, warmup model) took 40.46 s (compilation: 14.00 s)
(APIServer pid=1672552) (DPMoEEngineCoreActor pid=1680371) INFO 05-17 01:48:40 [core.py:299] init engine (profile, create kv cache, warmup model) took 40.51 s (compilation: 13.93 s)
(APIServer pid=1672552) (DPMoEEngineCoreActor pid=1680370) INFO 05-17 01:48:40 [core.py:299] init engine (profile, create kv cache, warmup model) took 40.54 s (compilation: 14.01 s)
(APIServer pid=1672552) (DPMoEEngineCoreActor pid=1680368) INFO 05-17 01:48:41 [config.py:460] Replacing legacy 'type' key with 'rope_type'
(APIServer pid=1672552) (DPMoEEngineCoreActor pid=1680369) INFO 05-17 01:48:41 [config.py:460] Replacing legacy 'type' key with 'rope_type'
(APIServer pid=1672552) (DPMoEEngineCoreActor pid=1680371) INFO 05-17 01:48:41 [config.py:460] Replacing legacy 'type' key with 'rope_type'
(APIServer pid=1672552) (DPMoEEngineCoreActor pid=1680370) INFO 05-17 01:48:41 [config.py:460] Replacing legacy 'type' key with 'rope_type'
(APIServer pid=1672552) (DPMoEEngineCoreActor pid=1680369) INFO 05-17 01:48:43 [nixl_utils.py:20] Setting UCX_RCACHE_MAX_UNRELEASED to '1024' to avoid a rare memory leak in UCX when using NIXL.
(APIServer pid=1672552) (DPMoEEngineCoreActor pid=1680369) WARNING 05-17 01:48:43 [nixl_utils.py:34] NIXL is not available
(APIServer pid=1672552) (DPMoEEngineCoreActor pid=1680369) WARNING 05-17 01:48:43 [nixl_utils.py:44] NIXL agent config is not available
(APIServer pid=1672552) (DPMoEEngineCoreActor pid=1680368) INFO 05-17 01:48:43 [nixl_utils.py:20] Setting UCX_RCACHE_MAX_UNRELEASED to '1024' to avoid a rare memory leak in UCX when using NIXL.
(APIServer pid=1672552) (DPMoEEngineCoreActor pid=1680368) WARNING 05-17 01:48:43 [nixl_utils.py:34] NIXL is not available
(APIServer pid=1672552) (DPMoEEngineCoreActor pid=1680368) WARNING 05-17 01:48:43 [nixl_utils.py:44] NIXL agent config is not available
(APIServer pid=1672552) (DPMoEEngineCoreActor pid=1680371) INFO 05-17 01:48:43 [nixl_utils.py:20] Setting UCX_RCACHE_MAX_UNRELEASED to '1024' to avoid a rare memory leak in UCX when using NIXL.
(APIServer pid=1672552) (DPMoEEngineCoreActor pid=1680371) WARNING 05-17 01:48:43 [nixl_utils.py:34] NIXL is not available
(APIServer pid=1672552) (DPMoEEngineCoreActor pid=1680371) WARNING 05-17 01:48:43 [nixl_utils.py:44] NIXL agent config is not available
(APIServer pid=1672552) (DPMoEEngineCoreActor pid=1680370) INFO 05-17 01:48:43 [nixl_utils.py:20] Setting UCX_RCACHE_MAX_UNRELEASED to '1024' to avoid a rare memory leak in UCX when using NIXL.
(APIServer pid=1672552) (DPMoEEngineCoreActor pid=1680370) WARNING 05-17 01:48:43 [nixl_utils.py:34] NIXL is not available
(APIServer pid=1672552) (DPMoEEngineCoreActor pid=1680370) WARNING 05-17 01:48:43 [nixl_utils.py:44] NIXL agent config is not available
(APIServer pid=1672552) (DPMoEEngineCoreActor pid=1680368) <frozen importlib._bootstrap_external>:1184: FutureWarning: The cuda.cudart module is deprecated and will be removed in a future release, please switch to use the cuda.bindings.runtime module instead.
(APIServer pid=1672552) (DPMoEEngineCoreActor pid=1680368) <frozen importlib._bootstrap_external>:1184: FutureWarning: The cuda.nvrtc module is deprecated and will be removed in a future release, please switch to use the cuda.bindings.nvrtc module instead.
(APIServer pid=1672552) (DPMoEEngineCoreActor pid=1680370) <frozen importlib._bootstrap_external>:1184: FutureWarning: The cuda.cudart module is deprecated and will be removed in a future release, please switch to use the cuda.bindings.runtime module instead.
(APIServer pid=1672552) (DPMoEEngineCoreActor pid=1680370) <frozen importlib._bootstrap_external>:1184: FutureWarning: The cuda.nvrtc module is deprecated and will be removed in a future release, please switch to use the cuda.bindings.nvrtc module instead.
(APIServer pid=1672552) (DPMoEEngineCoreActor pid=1680369) <frozen importlib._bootstrap_external>:1184: FutureWarning: The cuda.cudart module is deprecated and will be removed in a future release, please switch to use the cuda.bindings.runtime module instead.
(APIServer pid=1672552) (DPMoEEngineCoreActor pid=1680369) <frozen importlib._bootstrap_external>:1184: FutureWarning: The cuda.nvrtc module is deprecated and will be removed in a future release, please switch to use the cuda.bindings.nvrtc module instead.
(APIServer pid=1672552) (DPMoEEngineCoreActor pid=1680371) <frozen importlib._bootstrap_external>:1184: FutureWarning: The cuda.cudart module is deprecated and will be removed in a future release, please switch to use the cuda.bindings.runtime module instead.
(APIServer pid=1672552) (DPMoEEngineCoreActor pid=1680371) <frozen importlib._bootstrap_external>:1184: FutureWarning: The cuda.nvrtc module is deprecated and will be removed in a future release, please switch to use the cuda.bindings.nvrtc module instead.
(APIServer pid=1672552) INFO 05-17 01:48:44 [core_client.py:1605] [Elastic EP] Successfully started new engines
(APIServer pid=1672552) INFO 05-17 01:48:44 [core_client.py:1647] [Elastic EP] Scale up completed, new data parallel size: 8
(APIServer pid=1672552) INFO:     127.0.0.1:31494 - "POST /scale_elastic_ep HTTP/1.1" 200 OK
INFO 05-17 01:48:44 [coordinator.py:334] DPCoordinator scaled up from 4 to 8 engines
(APIServer pid=1672552) (DPMoEEngineCoreActor pid=1673163) INFO 05-17 01:48:44 [elastic_state.py:54] [Elastic EP Timer] switch_and_prepare.sync_state: 9406.26ms (dp_rank=0)
(APIServer pid=1672552) (DPMoEEngineCoreActor pid=1673163) INFO 05-17 01:48:44 [elastic_state.py:610] [Elastic EP] Switched to new setup
(APIServer pid=1672552) (DPMoEEngineCoreActor pid=1673163) INFO 05-17 01:48:44 [elastic_state.py:54] [Elastic EP Timer] wait_eplb_barrier: 0.94ms (dp_rank=0)
(APIServer pid=1672552) (DPMoEEngineCoreActor pid=1673165) INFO 05-17 01:48:44 [elastic_state.py:54] [Elastic EP Timer] switch_and_prepare.sync_state: 9405.99ms (dp_rank=2)
(APIServer pid=1672552) (DPMoEEngineCoreActor pid=1673165) INFO 05-17 01:48:44 [elastic_state.py:54] [Elastic EP Timer] wait_eplb_barrier: 0.77ms (dp_rank=2)
(APIServer pid=1672552) (DPMoEEngineCoreActor pid=1673164) INFO 05-17 01:48:44 [elastic_state.py:54] [Elastic EP Timer] switch_and_prepare.sync_state: 9405.83ms (dp_rank=1)
(APIServer pid=1672552) (DPMoEEngineCoreActor pid=1673164) INFO 05-17 01:48:44 [elastic_state.py:54] [Elastic EP Timer] wait_eplb_barrier: 0.84ms (dp_rank=1)
(APIServer pid=1672552) (DPMoEEngineCoreActor pid=1673166) INFO 05-17 01:48:44 [elastic_state.py:54] [Elastic EP Timer] switch_and_prepare.sync_state: 9406.32ms (dp_rank=3)
(APIServer pid=1672552) (DPMoEEngineCoreActor pid=1673166) INFO 05-17 01:48:44 [elastic_state.py:54] [Elastic EP Timer] wait_eplb_barrier: 0.63ms (dp_rank=3)
(APIServer pid=1672552) (RayWorkerWrapper pid=1673567) INFO 05-17 01:48:44 [elastic_execute.py:591] [Elastic EP] Starting expert resharding...
(APIServer pid=1672552) (RayWorkerWrapper pid=1673567) INFO 05-17 01:48:44 [eplb_state.py:696] Rearranging experts sync mode ...
(APIServer pid=1672552) (DPMoEEngineCoreActor pid=1680368) INFO 05-17 01:48:44 [elastic_state.py:54] [Elastic EP Timer] sync_state: 0.84ms (dp_rank=4)
(APIServer pid=1672552) (DPMoEEngineCoreActor pid=1680368) INFO 05-17 01:48:44 [elastic_state.py:54] [Elastic EP Timer] wait_eplb_barrier: 0.86ms (dp_rank=4)
(APIServer pid=1672552) (DPMoEEngineCoreActor pid=1680369) INFO 05-17 01:48:44 [elastic_state.py:54] [Elastic EP Timer] sync_state: 0.96ms (dp_rank=5)
(APIServer pid=1672552) (DPMoEEngineCoreActor pid=1680369) INFO 05-17 01:48:44 [elastic_state.py:54] [Elastic EP Timer] wait_eplb_barrier: 0.89ms (dp_rank=5)
(APIServer pid=1672552) (DPMoEEngineCoreActor pid=1680371) INFO 05-17 01:48:44 [elastic_state.py:54] [Elastic EP Timer] sync_state: 0.84ms (dp_rank=7)
(APIServer pid=1672552) (DPMoEEngineCoreActor pid=1680371) INFO 05-17 01:48:44 [elastic_state.py:54] [Elastic EP Timer] wait_eplb_barrier: 0.79ms (dp_rank=7)
(APIServer pid=1672552) (DPMoEEngineCoreActor pid=1680370) INFO 05-17 01:48:44 [elastic_state.py:54] [Elastic EP Timer] sync_state: 0.76ms (dp_rank=6)
(APIServer pid=1672552) (DPMoEEngineCoreActor pid=1680370) INFO 05-17 01:48:44 [elastic_state.py:54] [Elastic EP Timer] wait_eplb_barrier: 0.84ms (dp_rank=6)
(APIServer pid=1672552) (DPMoEEngineCoreActor pid=1673163) INFO 05-17 01:48:48 [elastic_state.py:54] [Elastic EP Timer] eplb_reshuffle: 3258.40ms (dp_rank=0)
(APIServer pid=1672552) (DPMoEEngineCoreActor pid=1673163) INFO 05-17 01:48:48 [elastic_state.py:620] [Elastic EP] EPLB reshuffle completed
(APIServer pid=1672552) (DPMoEEngineCoreActor pid=1673163) INFO 05-17 01:48:48 [elastic_state.py:61] [Elastic EP Timer] ========== SCALE-UP TIMING SUMMARY (dp_rank=0) ==========
(APIServer pid=1672552) (DPMoEEngineCoreActor pid=1673163) INFO 05-17 01:48:48 [elastic_state.py:65] [Elastic EP Timer]   wait_for_engines_barrier: 3.04ms (0.0%)
(APIServer pid=1672552) (DPMoEEngineCoreActor pid=1673163) INFO 05-17 01:48:48 [elastic_state.py:65] [Elastic EP Timer]   create_standby_groups: 35770.71ms (39.6%)
(APIServer pid=1672552) (DPMoEEngineCoreActor pid=1673163) INFO 05-17 01:48:48 [elastic_state.py:65] [Elastic EP Timer]   transfer_expert_mapping: 4943.70ms (5.5%)
(APIServer pid=1672552) (DPMoEEngineCoreActor pid=1673163) INFO 05-17 01:48:48 [elastic_state.py:65] [Elastic EP Timer]   wait_new_workers_init: 514.57ms (0.6%)
(APIServer pid=1672552) (DPMoEEngineCoreActor pid=1673163) INFO 05-17 01:48:48 [elastic_state.py:65] [Elastic EP Timer]   transfer_weights: 623.09ms (0.7%)
(APIServer pid=1672552) (DPMoEEngineCoreActor pid=1673163) INFO 05-17 01:48:48 [elastic_state.py:65] [Elastic EP Timer]   sync_kv_cache_memory_size: 98.85ms (0.1%)
(APIServer pid=1672552) (DPMoEEngineCoreActor pid=1673163) INFO 05-17 01:48:48 [elastic_state.py:65] [Elastic EP Timer]   switch_and_prepare.rpc: 35610.62ms (39.5%)
(APIServer pid=1672552) (DPMoEEngineCoreActor pid=1673163) INFO 05-17 01:48:48 [elastic_state.py:65] [Elastic EP Timer]   switch_and_prepare.destroy_old_group: 0.04ms (0.0%)
(APIServer pid=1672552) (DPMoEEngineCoreActor pid=1673163) INFO 05-17 01:48:48 [elastic_state.py:65] [Elastic EP Timer]   switch_and_prepare.sync_state: 9406.26ms (10.4%)
(APIServer pid=1672552) (DPMoEEngineCoreActor pid=1673163) INFO 05-17 01:48:48 [elastic_state.py:65] [Elastic EP Timer]   wait_eplb_barrier: 0.94ms (0.0%)
(APIServer pid=1672552) (DPMoEEngineCoreActor pid=1673163) INFO 05-17 01:48:48 [elastic_state.py:65] [Elastic EP Timer]   eplb_reshuffle: 3258.40ms (3.6%)
(APIServer pid=1672552) (DPMoEEngineCoreActor pid=1673163) INFO 05-17 01:48:48 [elastic_state.py:67] [Elastic EP Timer]   TOTAL (stages): 90230.22ms
(APIServer pid=1672552) (DPMoEEngineCoreActor pid=1673163) INFO 05-17 01:48:48 [elastic_state.py:70] [Elastic EP Timer]   TOTAL (wall): 90235.22ms
(APIServer pid=1672552) (DPMoEEngineCoreActor pid=1673163) INFO 05-17 01:48:48 [elastic_state.py:71] [Elastic EP Timer] ========================================
(APIServer pid=1672552) (DPMoEEngineCoreActor pid=1673165) INFO 05-17 01:48:48 [elastic_state.py:54] [Elastic EP Timer] eplb_reshuffle: 3257.20ms (dp_rank=2)
(APIServer pid=1672552) (DPMoEEngineCoreActor pid=1673165) INFO 05-17 01:48:48 [elastic_state.py:61] [Elastic EP Timer] ========== SCALE-UP TIMING SUMMARY (dp_rank=2) ==========
(APIServer pid=1672552) (DPMoEEngineCoreActor pid=1673165) INFO 05-17 01:48:48 [elastic_state.py:65] [Elastic EP Timer]   wait_for_engines_barrier: 2.93ms (0.0%)
(APIServer pid=1672552) (DPMoEEngineCoreActor pid=1673165) INFO 05-17 01:48:48 [elastic_state.py:65] [Elastic EP Timer]   create_standby_groups: 35771.29ms (39.6%)
(APIServer pid=1672552) (DPMoEEngineCoreActor pid=1673165) INFO 05-17 01:48:48 [elastic_state.py:65] [Elastic EP Timer]   transfer_expert_mapping: 4945.24ms (5.5%)
(APIServer pid=1672552) (DPMoEEngineCoreActor pid=1673165) INFO 05-17 01:48:48 [elastic_state.py:65] [Elastic EP Timer]   wait_new_workers_init: 512.61ms (0.6%)
(APIServer pid=1672552) (DPMoEEngineCoreActor pid=1673165) INFO 05-17 01:48:48 [elastic_state.py:65] [Elastic EP Timer]   transfer_weights: 706.92ms (0.8%)
(APIServer pid=1672552) (DPMoEEngineCoreActor pid=1673165) INFO 05-17 01:48:48 [elastic_state.py:65] [Elastic EP Timer]   sync_kv_cache_memory_size: 15.24ms (0.0%)
(APIServer pid=1672552) (DPMoEEngineCoreActor pid=1673165) INFO 05-17 01:48:48 [elastic_state.py:65] [Elastic EP Timer]   switch_and_prepare.rpc: 35611.08ms (39.5%)
(APIServer pid=1672552) (DPMoEEngineCoreActor pid=1673165) INFO 05-17 01:48:48 [elastic_state.py:65] [Elastic EP Timer]   switch_and_prepare.destroy_old_group: 0.05ms (0.0%)
(APIServer pid=1672552) (DPMoEEngineCoreActor pid=1673165) INFO 05-17 01:48:48 [elastic_state.py:65] [Elastic EP Timer]   switch_and_prepare.sync_state: 9405.99ms (10.4%)
(APIServer pid=1672552) (DPMoEEngineCoreActor pid=1673165) INFO 05-17 01:48:48 [elastic_state.py:65] [Elastic EP Timer]   wait_eplb_barrier: 0.77ms (0.0%)
(APIServer pid=1672552) (DPMoEEngineCoreActor pid=1673165) INFO 05-17 01:48:48 [elastic_state.py:65] [Elastic EP Timer]   eplb_reshuffle: 3257.20ms (3.6%)
(APIServer pid=1672552) (DPMoEEngineCoreActor pid=1673165) INFO 05-17 01:48:48 [elastic_state.py:67] [Elastic EP Timer]   TOTAL (stages): 90229.31ms
(APIServer pid=1672552) (DPMoEEngineCoreActor pid=1673165) INFO 05-17 01:48:48 [elastic_state.py:70] [Elastic EP Timer]   TOTAL (wall): 90233.84ms
(APIServer pid=1672552) (DPMoEEngineCoreActor pid=1673165) INFO 05-17 01:48:48 [elastic_state.py:71] [Elastic EP Timer] ========================================
(APIServer pid=1672552) (DPMoEEngineCoreActor pid=1673164) INFO 05-17 01:48:48 [elastic_state.py:54] [Elastic EP Timer] eplb_reshuffle: 3257.04ms (dp_rank=1)
(APIServer pid=1672552) (DPMoEEngineCoreActor pid=1673164) INFO 05-17 01:48:48 [elastic_state.py:61] [Elastic EP Timer] ========== SCALE-UP TIMING SUMMARY (dp_rank=1) ==========
(APIServer pid=1672552) (DPMoEEngineCoreActor pid=1673164) INFO 05-17 01:48:48 [elastic_state.py:65] [Elastic EP Timer]   wait_for_engines_barrier: 2.99ms (0.0%)
(APIServer pid=1672552) (DPMoEEngineCoreActor pid=1673164) INFO 05-17 01:48:48 [elastic_state.py:65] [Elastic EP Timer]   create_standby_groups: 35770.15ms (39.6%)
(APIServer pid=1672552) (DPMoEEngineCoreActor pid=1673164) INFO 05-17 01:48:48 [elastic_state.py:65] [Elastic EP Timer]   transfer_expert_mapping: 4943.60ms (5.5%)
(APIServer pid=1672552) (DPMoEEngineCoreActor pid=1673164) INFO 05-17 01:48:48 [elastic_state.py:65] [Elastic EP Timer]   wait_new_workers_init: 515.12ms (0.6%)
(APIServer pid=1672552) (DPMoEEngineCoreActor pid=1673164) INFO 05-17 01:48:48 [elastic_state.py:65] [Elastic EP Timer]   transfer_weights: 649.17ms (0.7%)
(APIServer pid=1672552) (DPMoEEngineCoreActor pid=1673164) INFO 05-17 01:48:48 [elastic_state.py:65] [Elastic EP Timer]   sync_kv_cache_memory_size: 73.03ms (0.1%)
(APIServer pid=1672552) (DPMoEEngineCoreActor pid=1673164) INFO 05-17 01:48:48 [elastic_state.py:65] [Elastic EP Timer]   switch_and_prepare.rpc: 35611.11ms (39.5%)
(APIServer pid=1672552) (DPMoEEngineCoreActor pid=1673164) INFO 05-17 01:48:48 [elastic_state.py:65] [Elastic EP Timer]   switch_and_prepare.destroy_old_group: 0.04ms (0.0%)
(APIServer pid=1672552) (DPMoEEngineCoreActor pid=1673164) INFO 05-17 01:48:48 [elastic_state.py:65] [Elastic EP Timer]   switch_and_prepare.sync_state: 9405.83ms (10.4%)
(APIServer pid=1672552) (DPMoEEngineCoreActor pid=1673164) INFO 05-17 01:48:48 [elastic_state.py:65] [Elastic EP Timer]   wait_eplb_barrier: 0.84ms (0.0%)
(APIServer pid=1672552) (DPMoEEngineCoreActor pid=1673164) INFO 05-17 01:48:48 [elastic_state.py:65] [Elastic EP Timer]   eplb_reshuffle: 3257.04ms (3.6%)
(APIServer pid=1672552) (DPMoEEngineCoreActor pid=1673164) INFO 05-17 01:48:48 [elastic_state.py:67] [Elastic EP Timer]   TOTAL (stages): 90228.93ms
(APIServer pid=1672552) (DPMoEEngineCoreActor pid=1673164) INFO 05-17 01:48:48 [elastic_state.py:70] [Elastic EP Timer]   TOTAL (wall): 90233.72ms
(APIServer pid=1672552) (DPMoEEngineCoreActor pid=1673164) INFO 05-17 01:48:48 [elastic_state.py:71] [Elastic EP Timer] ========================================
(APIServer pid=1672552) (DPMoEEngineCoreActor pid=1673166) INFO 05-17 01:48:48 [elastic_state.py:54] [Elastic EP Timer] eplb_reshuffle: 3256.63ms (dp_rank=3)
(APIServer pid=1672552) (DPMoEEngineCoreActor pid=1673166) INFO 05-17 01:48:48 [elastic_state.py:61] [Elastic EP Timer] ========== SCALE-UP TIMING SUMMARY (dp_rank=3) ==========
(APIServer pid=1672552) (DPMoEEngineCoreActor pid=1673166) INFO 05-17 01:48:48 [elastic_state.py:65] [Elastic EP Timer]   wait_for_engines_barrier: 2.62ms (0.0%)
(APIServer pid=1672552) (DPMoEEngineCoreActor pid=1673166) INFO 05-17 01:48:48 [elastic_state.py:65] [Elastic EP Timer]   create_standby_groups: 35769.77ms (39.6%)
(APIServer pid=1672552) (DPMoEEngineCoreActor pid=1673166) INFO 05-17 01:48:48 [elastic_state.py:65] [Elastic EP Timer]   transfer_expert_mapping: 4944.12ms (5.5%)
(APIServer pid=1672552) (DPMoEEngineCoreActor pid=1673166) INFO 05-17 01:48:48 [elastic_state.py:65] [Elastic EP Timer]   wait_new_workers_init: 514.64ms (0.6%)
(APIServer pid=1672552) (DPMoEEngineCoreActor pid=1673166) INFO 05-17 01:48:48 [elastic_state.py:65] [Elastic EP Timer]   transfer_weights: 721.19ms (0.8%)
(APIServer pid=1672552) (DPMoEEngineCoreActor pid=1673166) INFO 05-17 01:48:48 [elastic_state.py:65] [Elastic EP Timer]   sync_kv_cache_memory_size: 0.88ms (0.0%)
(APIServer pid=1672552) (DPMoEEngineCoreActor pid=1673166) INFO 05-17 01:48:48 [elastic_state.py:65] [Elastic EP Timer]   switch_and_prepare.rpc: 35610.70ms (39.5%)
(APIServer pid=1672552) (DPMoEEngineCoreActor pid=1673166) INFO 05-17 01:48:48 [elastic_state.py:65] [Elastic EP Timer]   switch_and_prepare.destroy_old_group: 0.08ms (0.0%)
(APIServer pid=1672552) (DPMoEEngineCoreActor pid=1673166) INFO 05-17 01:48:48 [elastic_state.py:65] [Elastic EP Timer]   switch_and_prepare.sync_state: 9406.32ms (10.4%)
(APIServer pid=1672552) (DPMoEEngineCoreActor pid=1673166) INFO 05-17 01:48:48 [elastic_state.py:65] [Elastic EP Timer]   wait_eplb_barrier: 0.63ms (0.0%)
(APIServer pid=1672552) (DPMoEEngineCoreActor pid=1673166) INFO 05-17 01:48:48 [elastic_state.py:65] [Elastic EP Timer]   eplb_reshuffle: 3256.63ms (3.6%)
(APIServer pid=1672552) (DPMoEEngineCoreActor pid=1673166) INFO 05-17 01:48:48 [elastic_state.py:67] [Elastic EP Timer]   TOTAL (stages): 90227.58ms
(APIServer pid=1672552) (DPMoEEngineCoreActor pid=1673166) INFO 05-17 01:48:48 [elastic_state.py:70] [Elastic EP Timer]   TOTAL (wall): 90233.43ms
(APIServer pid=1672552) (DPMoEEngineCoreActor pid=1673166) INFO 05-17 01:48:48 [elastic_state.py:71] [Elastic EP Timer] ========================================
(APIServer pid=1672552) (RayWorkerWrapper pid=1673567) INFO 05-17 01:48:48 [eplb_state.py:830] Rearranged experts   in 3.25 s.
(APIServer pid=1672552) (RayWorkerWrapper pid=1673567) INFO 05-17 01:48:48 [eplb_state.py:862] [EPLB Rearrange] New physical_to_logical_map (layer 0):
(APIServer pid=1672552) (RayWorkerWrapper pid=1673567) INFO 05-17 01:48:48 [eplb_state.py:862] RANK0: [0, 1, 2, 3, 4, 5, 6, 7, -1, -1, -1, -1, -1, -1, -1, -1]
(APIServer pid=1672552) (RayWorkerWrapper pid=1673567) INFO 05-17 01:48:48 [eplb_state.py:862] RANK1: [8, 9, 10, 11, 12, 13, 14, 15, -1, -1, -1, -1, -1, -1, -1, -1]
(APIServer pid=1672552) (RayWorkerWrapper pid=1673567) INFO 05-17 01:48:48 [eplb_state.py:862] RANK2: [16, 17, 18, 19, 20, 21, 22, 23, -1, -1, -1, -1, -1, -1, -1, -1]
(APIServer pid=1672552) (RayWorkerWrapper pid=1673567) INFO 05-17 01:48:48 [eplb_state.py:862] RANK3: [24, 25, 26, 27, 28, 29, 30, 31, -1, -1, -1, -1, -1, -1, -1, -1]
(APIServer pid=1672552) (RayWorkerWrapper pid=1673567) INFO 05-17 01:48:48 [eplb_state.py:862] RANK4: [32, 33, 34, 35, 36, 37, 38, 39, -1, -1, -1, -1, -1, -1, -1, -1]
(APIServer pid=1672552) (RayWorkerWrapper pid=1673567) INFO 05-17 01:48:48 [eplb_state.py:862] RANK5: [40, 41, 42, 43, 44, 45, 46, 47, -1, -1, -1, -1, -1, -1, -1, -1]
(APIServer pid=1672552) (RayWorkerWrapper pid=1673567) INFO 05-17 01:48:48 [eplb_state.py:862] RANK6: [48, 49, 50, 51, 52, 53, 54, 55, -1, -1, -1, -1, -1, -1, -1, -1]
(APIServer pid=1672552) (RayWorkerWrapper pid=1673567) INFO 05-17 01:48:48 [eplb_state.py:862] RANK7: [56, 57, 58, 59, 60, 61, 62, 63, -1, -1, -1, -1, -1, -1, -1, -1]
(APIServer pid=1672552) (RayWorkerWrapper pid=1673567) INFO 05-17 01:48:48 [elastic_execute.py:613] [Elastic EP] Expert resharding completed
(APIServer pid=1672552) (RayWorkerWrapper pid=1673567) INFO 05-17 01:48:48 [elastic_execute.py:196] [Elastic EP] EPLB re-enabled after elastic scaling transition
(APIServer pid=1672552) (DPMoEEngineCoreActor pid=1680368) INFO 05-17 01:48:48 [elastic_state.py:54] [Elastic EP Timer] eplb_reshuffle: 3256.83ms (dp_rank=4)
(APIServer pid=1672552) (DPMoEEngineCoreActor pid=1680368) INFO 05-17 01:48:48 [elastic_state.py:61] [Elastic EP Timer] ========== SCALE-UP TIMING SUMMARY (dp_rank=4) ==========
(APIServer pid=1672552) (DPMoEEngineCoreActor pid=1680368) INFO 05-17 01:48:48 [elastic_state.py:65] [Elastic EP Timer]   sync_state: 0.84ms (0.0%)
(APIServer pid=1672552) (DPMoEEngineCoreActor pid=1680368) INFO 05-17 01:48:48 [elastic_state.py:65] [Elastic EP Timer]   wait_eplb_barrier: 0.86ms (0.0%)
(APIServer pid=1672552) (DPMoEEngineCoreActor pid=1680368) INFO 05-17 01:48:48 [elastic_state.py:65] [Elastic EP Timer]   eplb_reshuffle: 3256.83ms (99.9%)
(APIServer pid=1672552) (DPMoEEngineCoreActor pid=1680368) INFO 05-17 01:48:48 [elastic_state.py:67] [Elastic EP Timer]   TOTAL (stages): 3258.53ms
(APIServer pid=1672552) (DPMoEEngineCoreActor pid=1680368) INFO 05-17 01:48:48 [elastic_state.py:70] [Elastic EP Timer]   TOTAL (wall): 3259.62ms
(APIServer pid=1672552) (DPMoEEngineCoreActor pid=1680368) INFO 05-17 01:48:48 [elastic_state.py:71] [Elastic EP Timer] ========================================
(APIServer pid=1672552) (DPMoEEngineCoreActor pid=1680369) INFO 05-17 01:48:48 [elastic_state.py:54] [Elastic EP Timer] eplb_reshuffle: 3256.79ms (dp_rank=5)
(APIServer pid=1672552) (DPMoEEngineCoreActor pid=1680369) INFO 05-17 01:48:48 [elastic_state.py:61] [Elastic EP Timer] ========== SCALE-UP TIMING SUMMARY (dp_rank=5) ==========
(APIServer pid=1672552) (DPMoEEngineCoreActor pid=1680369) INFO 05-17 01:48:48 [elastic_state.py:65] [Elastic EP Timer]   sync_state: 0.96ms (0.0%)
(APIServer pid=1672552) (DPMoEEngineCoreActor pid=1680369) INFO 05-17 01:48:48 [elastic_state.py:65] [Elastic EP Timer]   wait_eplb_barrier: 0.89ms (0.0%)
(APIServer pid=1672552) (DPMoEEngineCoreActor pid=1680369) INFO 05-17 01:48:48 [elastic_state.py:65] [Elastic EP Timer]   eplb_reshuffle: 3256.79ms (99.9%)
(APIServer pid=1672552) (DPMoEEngineCoreActor pid=1680369) INFO 05-17 01:48:48 [elastic_state.py:67] [Elastic EP Timer]   TOTAL (stages): 3258.65ms
(APIServer pid=1672552) (DPMoEEngineCoreActor pid=1680369) INFO 05-17 01:48:48 [elastic_state.py:70] [Elastic EP Timer]   TOTAL (wall): 3259.72ms
(APIServer pid=1672552) (DPMoEEngineCoreActor pid=1680369) INFO 05-17 01:48:48 [elastic_state.py:71] [Elastic EP Timer] ========================================
(APIServer pid=1672552) (DPMoEEngineCoreActor pid=1680371) INFO 05-17 01:48:48 [elastic_state.py:54] [Elastic EP Timer] eplb_reshuffle: 3255.93ms (dp_rank=7)
(APIServer pid=1672552) (DPMoEEngineCoreActor pid=1680371) INFO 05-17 01:48:48 [elastic_state.py:61] [Elastic EP Timer] ========== SCALE-UP TIMING SUMMARY (dp_rank=7) ==========
(APIServer pid=1672552) (DPMoEEngineCoreActor pid=1680371) INFO 05-17 01:48:48 [elastic_state.py:65] [Elastic EP Timer]   sync_state: 0.84ms (0.0%)
(APIServer pid=1672552) (DPMoEEngineCoreActor pid=1680371) INFO 05-17 01:48:48 [elastic_state.py:65] [Elastic EP Timer]   wait_eplb_barrier: 0.79ms (0.0%)
(APIServer pid=1672552) (DPMoEEngineCoreActor pid=1680371) INFO 05-17 01:48:48 [elastic_state.py:65] [Elastic EP Timer]   eplb_reshuffle: 3255.93ms (100.0%)
(APIServer pid=1672552) (DPMoEEngineCoreActor pid=1680371) INFO 05-17 01:48:48 [elastic_state.py:67] [Elastic EP Timer]   TOTAL (stages): 3257.56ms
(APIServer pid=1672552) (DPMoEEngineCoreActor pid=1680371) INFO 05-17 01:48:48 [elastic_state.py:70] [Elastic EP Timer]   TOTAL (wall): 3258.82ms
(APIServer pid=1672552) (DPMoEEngineCoreActor pid=1680371) INFO 05-17 01:48:48 [elastic_state.py:71] [Elastic EP Timer] ========================================
(APIServer pid=1672552) (DPMoEEngineCoreActor pid=1680370) INFO 05-17 01:48:48 [elastic_state.py:54] [Elastic EP Timer] eplb_reshuffle: 3256.00ms (dp_rank=6)
(APIServer pid=1672552) (DPMoEEngineCoreActor pid=1680370) INFO 05-17 01:48:48 [elastic_state.py:61] [Elastic EP Timer] ========== SCALE-UP TIMING SUMMARY (dp_rank=6) ==========
(APIServer pid=1672552) (DPMoEEngineCoreActor pid=1680370) INFO 05-17 01:48:48 [elastic_state.py:65] [Elastic EP Timer]   sync_state: 0.76ms (0.0%)
(APIServer pid=1672552) (DPMoEEngineCoreActor pid=1680370) INFO 05-17 01:48:48 [elastic_state.py:65] [Elastic EP Timer]   wait_eplb_barrier: 0.84ms (0.0%)
(APIServer pid=1672552) (DPMoEEngineCoreActor pid=1680370) INFO 05-17 01:48:48 [elastic_state.py:65] [Elastic EP Timer]   eplb_reshuffle: 3256.00ms (100.0%)
(APIServer pid=1672552) (DPMoEEngineCoreActor pid=1680370) INFO 05-17 01:48:48 [elastic_state.py:67] [Elastic EP Timer]   TOTAL (stages): 3257.60ms
(APIServer pid=1672552) (DPMoEEngineCoreActor pid=1680370) INFO 05-17 01:48:48 [elastic_state.py:70] [Elastic EP Timer]   TOTAL (wall): 3258.91ms
(APIServer pid=1672552) (DPMoEEngineCoreActor pid=1680370) INFO 05-17 01:48:48 [elastic_state.py:71] [Elastic EP Timer] ========================================
(APIServer pid=1672552) INFO 05-17 01:51:01 [async_llm.py:992] Data parallel size is already 8, skipping scale
(APIServer pid=1672552) INFO:     127.0.0.1:26844 - "POST /scale_elastic_ep HTTP/1.1" 200 OK

